season,status,operator,route,flight_no,flight_date,seats,price_seat,net_value,taxes_value,pay_date,taxes_pay_date
S26,semnat (AA30/ADD7 11.09.2026),ANIMA WINGS,CLJ HRG CLJ,A2 4208/4209,2026-03-29,148.0,251.0,37148.0,7522.84,2026-03-19,2026-04-05
S26,semnat (AA30/ADD7 11.09.2026),ANIMA WINGS,TSR HRG TSR,A2 4408/4409,2026-03-29,118.0,286.9,33854.2,5389.06,2026-03-19,2026-04-05
S26,semnat (AA30/ADD7 11.09.2026),ANIMA WINGS,OTP HRG OTP,4406/4407,2026-04-01,148.0,256.0,37888.0,7812.92,2026-03-22,2026-05-05
S26,semnat (AA30/ADD7 11.09.2026),ANIMA WINGS,CRA HRG CRA,A2 4202/4203,2026-04-01,118.0,269.51,31802.18,4244.46,2026-03-22,2026-05-05
S26,semnat (AA30/ADD7 11.09.2026),ANIMA WINGS,OTP AYT OTP,A2 4260/4261,2026-04-03,100.0,161.58,16158.0,4056.0,2026-03-24,2026-05-05
S26,semnat (AA30/ADD7 11.09.2026),ANIMA WINGS,OTP MIR OTP ,A2 4456/4457,2026-04-03,130.0,221.54,28800.2,6536.4,2026-03-24,2026-05-05
S26,semnat (AA30/ADD7 11.09.2026),ANIMA WINGS,OTP HRG OTP,A2 4204/4205,2026-04-04,180.0,256.0,46080.0,9502.2,2026-03-25,2026-05-05
S26,semnat (AA30/ADD7 11.09.2026),ANIMA WINGS,OTP HRG OTP,A2 4206/4207,2026-04-04,160.0,240.19,38430.4,8446.4,2026-03-25,2026-05-05
S26,semnat (AA30/ADD7 11.09.2026),ANIMA WINGS,CLJ HRG CLJ,A2 4208/4209,2026-04-04,70.0,259.0,18130.0,3378.9,2026-03-25,2026-05-05
S26,semnat (AA30/ADD7 11.09.2026),ANIMA WINGS,TSR-CLJ-AYT-OTP,A2 4298/4299,2026-04-04,118.0,259.0,30562.0,4252.72,2026-03-25,2026-05-05
S26,semnat (AA30/ADD7 11.09.2026),ANIMA WINGS,GHV HRG GHV,A2 4100/4101,2026-04-05,128.0,266.0,34048.0,4578.56,2026-03-26,2026-05-05
S26,semnat (AA30/ADD7 11.09.2026),ANIMA WINGS,TSR HRG TSR,A2 4408/4409,2026-04-05,118.0,286.9,33854.2,5389.06,2026-03-26,2026-05-05
S26,semnat (AA30/ADD7 11.09.2026),ANIMA WINGS,OTP SSH OTP,A2 4404/4405,2026-04-06,160.0,239.33333333333334,38293.33,9160.0,2026-03-27,2026-05-05
S26,semnat (AA30/ADD7 11.09.2026),ANIMA WINGS,TSR-CLJ-SSH-TSR,A2 4700/4701,2026-04-06,160.0,253.0,40480.0,8020.8,2026-03-27,2026-05-05
S26,semnat (AA30/ADD7 11.09.2026),ANIMA WINGS,OTP HRG OTP,A2 4104/4105,2026-04-06,100.0,256.0,25600.0,5279.0,2026-03-27,2026-05-05
S26,semnat (AA30/ADD7 11.09.2026),ANIMA WINGS,CRA HRG CRA,A2 4202/4203,2026-04-08,150.0,254.89,38233.5,5395.5,2026-03-29,2026-05-05
S26,semnat (AA30/ADD7 11.09.2026),ANIMA WINGS,OTP HRG OTP,A2 4406/4407,2026-04-09,150.0,240.19,72057.0,15837.0,2026-03-30,2026-05-05
S26,semnat (AA30/ADD7 11.09.2026),ANIMA WINGS,IAS HRG IAS,A2 4212/4213,2026-04-09,118.0,296.54,52487.58,8101.29,2026-03-30,2026-05-05
S26,semnat (AA30/ADD7 11.09.2026),ANIMA WINGS,OTP AYT OTP,A2 4260/4261,2026-04-10,100.0,161.58,16158.0,4056.0,2026-03-31,2026-05-05
S26,semnat (AA30/ADD7 11.09.2026),ANIMA WINGS,OTP MIR OTP ,A2 4456/4457,2026-04-10,130.0,221.54,28800.2,6536.4,2026-03-31,2026-05-05
S26,semnat (AA30/ADD7 11.09.2026),ANIMA WINGS,OTP HRG OTP,A2 4204/4205,2026-04-11,180.0,256.0,46080.0,9502.2,2026-04-01,2026-05-05
S26,semnat (AA30/ADD7 11.09.2026),ANIMA WINGS,OTP HRG OTP,A2 4206/4207,2026-04-11,160.0,240.19,38430.4,8446.4,2026-04-01,2026-05-05
S26,semnat (AA30/ADD7 11.09.2026),ANIMA WINGS,CLJ HRG CLJ,A2 4208/4209,2026-04-11,70.0,259.0,18130.0,3378.9,2026-04-01,2026-05-05
S26,semnat (AA30/ADD7 11.09.2026),ANIMA WINGS,OTP HER OTP,A2 4132/4133,2026-04-11,107.0,195.16,20882.12,3083.74,2026-04-01,2026-05-05
S26,semnat (AA30/ADD7 11.09.2026),ANIMA WINGS,TSR-CLJ-AYT-CLJ-TSR,A2 4298 / 4299,2026-04-11,107.0,259.0,27713.0,3856.28,2026-04-01,2026-05-05
S26,semnat (AA30/ADD7 11.09.2026),ANIMA WINGS,OTP RHO OTP,A2 4126/4127,2026-04-11,118.0,184.65,21788.7,5232.12,2026-04-01,2026-05-05
S26,semnat (AA30/ADD7 11.09.2026),ANIMA WINGS,GHV HRG GHV,A2 4100/4101,2026-04-12,128.0,266.0,34048.0,4578.56,2026-04-02,2026-05-05
S26,semnat (AA30/ADD7 11.09.2026),ANIMA WINGS,TSR HRG TSR,A2 4408/4409,2026-04-12,118.0,286.9,33854.2,5389.06,2026-04-02,2026-05-05
S26,semnat (AA30/ADD7 11.09.2026),ANIMA WINGS,OTP SSH OTP,A2 4404/4405,2026-04-13,160.0,239.33333333333334,38293.33,9160.0,2026-04-03,2026-05-05
S26,semnat (AA30/ADD7 11.09.2026),ANIMA WINGS,TSR-CLJ-SSH-CLJ-TSR,A2 4700/4701,2026-04-13,160.0,253.0,40480.0,8020.8,2026-04-03,2026-05-05
S26,semnat (AA30/ADD7 11.09.2026),ANIMA WINGS,OTP HRG OTP,A2 4104/4105,2026-04-13,100.0,256.0,25600.0,5279.0,2026-04-03,2026-05-05
S26,semnat (AA30/ADD7 11.09.2026),ANIMA WINGS,CRA HRG CRA,A2 4202/4203,2026-04-15,150.0,254.89,38233.5,5395.5,2026-04-05,2026-05-05
S26,semnat (AA30/ADD7 11.09.2026),ANIMA WINGS,IAS HRG IAS,A2 4212/4213,2026-04-16,118.0,296.54,52487.58,8101.29,2026-04-06,2026-05-05
S26,semnat (AA30/ADD7 11.09.2026),ANIMA WINGS,OTP AYT OTP,A2 4260/4261,2026-04-17,100.0,161.58,16158.0,4056.0,2026-04-07,2026-05-05
S26,semnat (AA30/ADD7 11.09.2026),ANIMA WINGS,OTP MIR OTP ,A2 4456/4457,2026-04-17,130.0,221.54,28800.2,6536.4,2026-04-07,2026-05-05
S26,semnat (AA30/ADD7 11.09.2026),ANIMA WINGS,OTP HRG OTP,A2 4204/4205,2026-04-18,180.0,256.0,46080.0,9502.2,2026-04-08,2026-05-05
S26,semnat (AA30/ADD7 11.09.2026),ANIMA WINGS,OTP HRG OTP,A2 4206/4207,2026-04-18,160.0,240.19,38430.4,8446.4,2026-04-08,2026-05-05
S26,semnat (AA30/ADD7 11.09.2026),ANIMA WINGS,CLJ HRG CLJ,A2 4208/4209,2026-04-18,70.0,259.0,18130.0,3378.9,2026-04-08,2026-05-05
S26,semnat (AA30/ADD7 11.09.2026),ANIMA WINGS,OTP HER OTP,A2 4132/4133,2026-04-18,107.0,195.16,20882.12,3083.74,2026-04-08,2026-05-05
S26,semnat (AA30/ADD7 11.09.2026),ANIMA WINGS,TSR-CLJ-AYT-CLJ-TSR,A2 4298 / 4299,2026-04-18,107.0,259.0,27713.0,3856.28,2026-04-08,2026-05-05
S26,semnat (AA30/ADD7 11.09.2026),ANIMA WINGS,OTP RHO OTP,A2 4126/4127,2026-04-18,118.0,184.65,21788.7,5232.12,2026-04-08,2026-05-05
S26,semnat (AA30/ADD7 11.09.2026),ANIMA WINGS,GHV HRG GHV,A2 4100/4101,2026-04-19,128.0,266.0,34048.0,4578.56,2026-04-09,2026-05-05
S26,semnat (AA30/ADD7 11.09.2026),ANIMA WINGS,TSR HRG TSR,A2 4408/4409,2026-04-19,118.0,286.9,33854.2,5389.06,2026-04-09,2026-05-05
S26,semnat (AA30/ADD7 11.09.2026),ANIMA WINGS,OTP SSH OTP,A2 4404/4405,2026-04-20,160.0,239.33333333333334,38293.33,9160.0,2026-04-10,2026-05-05
S26,semnat (AA30/ADD7 11.09.2026),ANIMA WINGS,OTP HRG OTP,A2 4104/4105,2026-04-20,100.0,256.0,25600.0,5279.0,2026-04-10,2026-05-05
S26,semnat (AA30/ADD7 11.09.2026),ANIMA WINGS,OTP AYT OTP,A2 4260/4261,2026-04-24,100.0,161.58,16158.0,4056.0,2026-04-14,2026-05-05
S26,semnat (AA30/ADD7 11.09.2026),ANIMA WINGS,OTP MIR OTP ,A2 4456/4457,2026-04-24,130.0,221.54,28800.2,6536.4,2026-04-14,2026-05-05
S26,semnat (AA30/ADD7 11.09.2026),ANIMA WINGS,OTP HRG OTP,A2 4206/4207,2026-04-25,160.0,240.19,38430.4,8446.4,2026-04-15,2026-05-05
S26,semnat (AA30/ADD7 11.09.2026),ANIMA WINGS,CLJ HRG CLJ,A2 4208/4209,2026-04-25,70.0,259.0,18130.0,3378.9,2026-04-15,2026-05-05
S26,semnat (AA30/ADD7 11.09.2026),ANIMA WINGS,OTP-RHO-HER-OTP,A2 4126/4127,2026-04-25,107.0,254.07,27185.49,3083.74,2026-04-15,2026-05-05
S26,semnat (AA30/ADD7 11.09.2026),ANIMA WINGS,TSR-CLJ-AYT-CLJ-TSR,A2 4298 / 4299,2026-04-25,107.0,259.0,27713.0,3856.28,2026-04-15,2026-05-05
S26,semnat (AA30/ADD7 11.09.2026),ANIMA WINGS,OTP HRG OTP,A2 4104/4105,2026-04-27,180.0,240.19,41571.35,9136.73,2026-04-17,2026-05-05
S26,semnat (AA30/ADD7 11.09.2026),ANIMA WINGS,OTP AYT OTP,A2 4260/4261,2026-05-01,100.0,161.58,16158.0,4056.0,2026-04-21,2026-06-05
S26,semnat (AA30/ADD7 11.09.2026),ANIMA WINGS,OTP MIR OTP ,A2 4456/4457,2026-05-01,130.0,221.54,28800.2,6536.4,2026-04-21,2026-06-05
S26,semnat (AA30/ADD7 11.09.2026),ANIMA WINGS,OTP HRG OTP,A2 4206/4207,2026-05-02,160.0,240.19,38430.4,8446.4,2026-04-22,2026-06-05
S26,semnat (AA30/ADD7 11.09.2026),ANIMA WINGS,CLJ HRG CLJ,A2 4208/4209,2026-05-02,70.0,259.0,18130.0,3378.9,2026-04-22,2026-06-05
S26,semnat (AA30/ADD7 11.09.2026),ANIMA WINGS,OTP AYT OTP,A2 4268/4269,2026-05-02,130.0,161.58,21005.4,5272.8,2026-04-22,2026-06-05
S26,semnat (AA30/ADD7 11.09.2026),ANIMA WINGS,OTP-RHO-HER-OTP,A2 4126/4127,2026-05-02,107.0,254.07,27185.49,3083.74,2026-04-22,2026-06-05
S26,semnat (AA30/ADD7 11.09.2026),ANIMA WINGS,TSR-CLJ-AYT-CLJ-TSR,A2 4298 / 4299,2026-05-02,107.0,259.0,27713.0,3856.28,2026-04-22,2026-06-05
S26,semnat (AA30/ADD7 11.09.2026),ANIMA WINGS,TSR HRG TSR,A2 4408/4409,2026-05-03,118.0,286.9,33854.2,5389.06,2026-04-23,2026-06-05
S26,semnat (AA30/ADD7 11.09.2026),ANIMA WINGS,OTP HRG OTP,A2 4104/4105,2026-05-04,180.0,240.19,41571.35,9136.73,2026-04-24,2026-06-05
S26,semnat (AA30/ADD7 11.09.2026),ANIMA WINGS,OTP AYT OTP,A2 4260/4261,2026-05-08,100.0,161.58,16158.0,4056.0,2026-04-28,2026-06-05
S26,semnat (AA30/ADD7 11.09.2026),ANIMA WINGS,OTP MIR OTP ,A2 4456/4457,2026-05-08,130.0,221.54,28800.2,6536.4,2026-04-28,2026-06-05
S26,semnat (AA30/ADD7 11.09.2026),ANIMA WINGS,OTP HRG OTP,A2 4206/4207,2026-05-09,160.0,240.19,38430.4,8446.4,2026-04-29,2026-06-05
S26,semnat (AA30/ADD7 11.09.2026),ANIMA WINGS,CLJ HRG CLJ,A2 4208/4209,2026-05-09,70.0,259.0,18130.0,3378.9,2026-04-29,2026-06-05
S26,semnat (AA30/ADD7 11.09.2026),ANIMA WINGS,OTP AYT OTP,A2 4268/4269,2026-05-09,130.0,161.58,21005.4,5272.8,2026-04-29,2026-06-05
S26,semnat (AA30/ADD7 11.09.2026),ANIMA WINGS,OTP-RHO-HER-OTP,A2 4126/4127,2026-05-09,107.0,254.07,27185.49,3083.74,2026-04-29,2026-06-05
S26,semnat (AA30/ADD7 11.09.2026),ANIMA WINGS,TSR-CLJ-AYT-CLJ-TSR,A2 4298 / 4299,2026-05-09,107.0,259.0,27713.0,3856.28,2026-04-29,2026-06-05
S26,semnat (AA30/ADD7 11.09.2026),ANIMA WINGS,TSR HRG TSR,A2 4408/4409,2026-05-10,118.0,286.9,33854.2,5389.06,2026-04-30,2026-06-05
S26,semnat (AA30/ADD7 11.09.2026),ANIMA WINGS,OTP HRG OTP,A2 4104/4105,2026-05-11,180.0,240.19,41571.35,9136.73,2026-05-01,2026-06-05
S26,semnat (AA30/ADD7 11.09.2026),ANIMA WINGS,OTP AYT OTP,A2 4260/4261,2026-05-15,100.0,161.58,16158.0,4056.0,2026-05-05,2026-06-05
S26,semnat (AA30/ADD7 11.09.2026),ANIMA WINGS,OTP MIR OTP ,A2 4456/4457,2026-05-15,130.0,221.54,28800.2,6536.4,2026-05-05,2026-06-05
S26,semnat (AA30/ADD7 11.09.2026),ANIMA WINGS,CLJ MIR CLJ,A2 4420/4421,2026-05-15,150.0,197.78,29667.0,6864.0,2026-05-05,2026-06-05
S26,semnat (AA30/ADD7 11.09.2026),ANIMA WINGS,TSR MIR TSR,A2 4418/4419,2026-05-15,128.0,207.42,26549.76,5524.48,2026-05-05,2026-06-05
S26,semnat (AA30/ADD7 11.09.2026),ANIMA WINGS,OTP HRG OTP,A2 4206/4207,2026-05-16,160.0,240.19,38430.4,8446.4,2026-05-06,2026-06-05
S26,semnat (AA30/ADD7 11.09.2026),ANIMA WINGS,CLJ HRG CLJ,A2 4208/4209,2026-05-16,70.0,259.0,18130.0,3378.9,2026-05-06,2026-06-05
S26,semnat (AA30/ADD7 11.09.2026),ANIMA WINGS,OTP AYT OTP,A2 4268/4269,2026-05-16,130.0,161.58,21005.4,5272.8,2026-05-06,2026-06-05
S26,semnat (AA30/ADD7 11.09.2026),ANIMA WINGS,IAS AYT IAS,A2 4228/4229,2026-05-16,160.0,171.83,27492.8,5366.4,2026-05-06,2026-06-05
S26,semnat (AA30/ADD7 11.09.2026),ANIMA WINGS,OTP HER OTP,A2 4132/4133,2026-05-16,107.0,195.16,20882.12,3083.74,2026-05-06,2026-06-05
S26,semnat (AA30/ADD7 11.09.2026),ANIMA WINGS,OTP RHO OTP,A2 4126/4127,2026-05-16,77.0,184.65,14218.05,3414.18,2026-05-06,2026-06-05
S26,semnat (AA30/ADD7 11.09.2026),ANIMA WINGS,TSR-CLJ-AYT-CLJ-TSR,A2 4298 / 4299,2026-05-16,107.0,259.0,27713.0,3856.28,2026-05-06,2026-06-05
S26,semnat (AA30/ADD7 11.09.2026),ANIMA WINGS,TSR HRG TSR,A2 4408/4409,2026-05-17,118.0,286.9,33854.2,5389.06,2026-05-07,2026-06-05
S26,semnat (AA30/ADD7 11.09.2026),ANIMA WINGS,OTP HRG OTP,A2 4104/4105,2026-05-18,180.0,240.19,41571.35,9136.73,2026-05-08,2026-06-05
S26,semnat (AA30/ADD7 11.09.2026),ANIMA WINGS,OTP AYT OTP,A2 4260/4261,2026-05-22,100.0,161.58,16158.0,4056.0,2026-05-12,2026-06-05
S26,semnat (AA30/ADD7 11.09.2026),ANIMA WINGS,OTP MIR OTP ,A2 4456/4457,2026-05-22,130.0,221.54,28800.2,6536.4,2026-05-12,2026-06-05
S26,semnat (AA30/ADD7 11.09.2026),ANIMA WINGS,CLJ MIR CLJ,A2 4420/4421,2026-05-22,150.0,197.78,29667.0,6864.0,2026-05-12,2026-06-05
S26,semnat (AA30/ADD7 11.09.2026),ANIMA WINGS,TSR MIR TSR,A2 4418/4419,2026-05-22,128.0,207.42,26549.76,5524.48,2026-05-12,2026-06-05
S26,semnat (AA30/ADD7 11.09.2026),ANIMA WINGS,OTP HRG OTP,A2 4206/4207,2026-05-23,160.0,240.19,38430.4,8446.4,2026-05-13,2026-06-05
S26,semnat (AA30/ADD7 11.09.2026),ANIMA WINGS,CLJ HRG CLJ,A2 4208/4209,2026-05-23,70.0,259.0,18130.0,3378.9,2026-05-13,2026-06-05
S26,semnat (AA30/ADD7 11.09.2026),ANIMA WINGS,OTP AYT OTP,A2 4268/4269,2026-05-23,130.0,161.58,21005.4,5272.8,2026-05-13,2026-06-05
S26,semnat (AA30/ADD7 11.09.2026),ANIMA WINGS,IAS AYT IAS,A2 4228/4229,2026-05-23,160.0,171.83,27492.8,5366.4,2026-05-13,2026-06-05
S26,semnat (AA30/ADD7 11.09.2026),ANIMA WINGS,TSR AYT TSR,A2 4298/4299,2026-05-23,148.0,191.0,28268.0,4949.12,2026-05-13,2026-06-05
S26,semnat (AA30/ADD7 11.09.2026),ANIMA WINGS,CLJ AYT CLJ,A2 4236/4237,2026-05-23,128.0,191.01,24449.28,4613.12,2026-05-13,2026-06-05
S26,semnat (AA30/ADD7 11.09.2026),ANIMA WINGS,OTP HER OTP,A2 4132/4133,2026-05-23,107.0,195.16,20882.12,3083.74,2026-05-13,2026-06-05
S26,semnat (AA30/ADD7 11.09.2026),ANIMA WINGS,OTP RHO OTP,A2 4126/4127,2026-05-23,77.0,184.65,14218.05,3414.18,2026-05-13,2026-06-05
S26,semnat (AA30/ADD7 11.09.2026),ANIMA WINGS,TSR HRG TSR,A2 4408/4409,2026-05-24,118.0,286.9,33854.2,5389.06,2026-05-14,2026-06-05
S26,semnat (AA30/ADD7 11.09.2026),ANIMA WINGS,OTP HRG OTP,A2 4104/4105,2026-05-25,180.0,240.19,41571.35,9136.73,2026-05-15,2026-06-05
S26,semnat (AA30/ADD7 11.09.2026),P45/CORENDON,CND AYT CND,,2026-05-27,40.0,154.73,6189.2,880.0,2026-05-17,2026-06-05
S26,semnat (AA30/ADD7 11.09.2026),ANIMA WINGS,OTP AYT OTP,A2 4260/4261,2026-05-29,100.0,161.58,16158.0,4056.0,2026-05-19,2026-06-05
S26,semnat (AA30/ADD7 11.09.2026),ANIMA WINGS,OTP MIR OTP ,A2 4456/4457,2026-05-29,130.0,221.54,28800.2,6536.4,2026-05-19,2026-06-05
S26,semnat (AA30/ADD7 11.09.2026),ANIMA WINGS,CLJ MIR CLJ,A2 4420/4421,2026-05-29,150.0,197.78,29667.0,6864.0,2026-05-19,2026-06-05
S26,semnat (AA30/ADD7 11.09.2026),ANIMA WINGS,TSR MIR TSR,A2 4418/4419,2026-05-29,128.0,207.42,26549.76,5524.48,2026-05-19,2026-06-05
S26,semnat (AA30/ADD7 11.09.2026),ANIMA WINGS,OTP HRG OTP,A2 4206/4207,2026-05-30,160.0,240.19,38430.4,8446.4,2026-05-20,2026-06-05
S26,semnat (AA30/ADD7 11.09.2026),ANIMA WINGS,CLJ HRG CLJ,A2 4208/4209,2026-05-30,70.0,259.0,18130.0,3378.9,2026-05-20,2026-06-05
S26,semnat (AA30/ADD7 11.09.2026),ANIMA WINGS,TSR AYT TSR,A2 4298/4299,2026-05-30,148.0,191.0,28268.0,4949.12,2026-05-20,2026-06-05
S26,semnat (AA30/ADD7 11.09.2026),ANIMA WINGS,CLJ AYT CLJ,A2 4236/4237,2026-05-30,128.0,191.01,24449.28,4613.12,2026-05-20,2026-06-05
S26,semnat (AA30/ADD7 11.09.2026),ANIMA WINGS,OTP HER OTP,A2 4132/4133,2026-05-30,107.0,195.16,20882.12,3083.74,2026-05-20,2026-06-05
S26,semnat (AA30/ADD7 11.09.2026),ANIMA WINGS,OTP RHO OTP,A2 4126/4127,2026-05-30,77.0,184.65,14218.05,3414.18,2026-05-20,2026-06-05
S26,semnat (AA30/ADD7 11.09.2026),ANIMA WINGS,TSR HRG TSR,A2 4408/4409,2026-05-31,118.0,286.9,33854.2,5389.06,2026-05-21,2026-06-05
S26,semnat (AA30/ADD7 11.09.2026),TAILWIND,CRA AYT CRA,TWI 558/557,2026-06-01,128.0,213.0,27264.0,3008.0,2026-05-22,2026-07-05
S26,semnat (AA30/ADD7 11.09.2026),TAILWIND,OTP AYT OTP,TWI 556/555,2026-06-01,148.0,199.0,29452.0,5967.36,2026-05-22,2026-07-05
S26,semnat (AA30/ADD7 11.09.2026),ANIMA WINGS,OTP HRG OTP,A2 4104/4105,2026-06-01,180.0,240.19,41571.35,9136.73,2026-05-22,2026-07-05
S26,semnat (AA30/ADD7 11.09.2026),ANIMA WINGS,OTP-IAS-HRG-OTP,A24104/4105,2026-06-01,128.0,300.32,38440.96,6757.12,2026-05-22,2026-07-05
S26,semnat (AA30/ADD7 11.09.2026),TAILWIND,BCM AYT BCM,TWI 404/403,2026-06-01,78.0,173.0,13494.0,1833.0,2026-05-22,2026-07-05
S26,semnat (AA30/ADD7 11.09.2026),ANIMA WINGS,TSR AYT TSR,A2 4296/4297,2026-06-01,148.0,191.0,28268.0,4949.12,2026-05-22,2026-07-05
S26,semnat (AA30/ADD7 11.09.2026),ANIMA WINGS,GHV AYT GHV,A2 4224/4225,2026-06-01,128.0,182.02,23298.56,3013.12,2026-05-22,2026-07-05
S26,semnat (AA30/ADD7 11.09.2026),CORENDON,SBZ AYT SBZ,CAI9014/9013,2026-06-02,149.0,185.28,27606.72,3203.5,2026-05-23,2026-07-05
S26,semnat (AA30/ADD7 11.09.2026),ANIMA WINGS,OTP HER OTP,A2 4132/4133,2026-06-02,110.0,169.68355555555556,18665.19,3170.2,2026-05-23,2026-07-05
S26,semnat (AA30/ADD7 11.09.2026),AEGEAN,IAS HER IAS,A3 4299,2026-06-02,80.0,228.62,18289.6,1624.0,2026-05-23,2026-07-05
S26,semnat (AA30/ADD7 11.09.2026),ANIMA WINGS,OTP RHO OTP,A2 4126/4127,2026-06-02,120.0,181.63116666666667,21795.74,5320.8,2026-05-23,2026-07-05
S26,semnat (AA30/ADD7 11.09.2026),ANIMA WINGS,OTP MIR OTP,A2 4410/4411,2026-06-02,140.0,221.54,31015.6,7039.2,2026-05-23,2026-07-05
S26,semnat (AA30/ADD7 11.09.2026),ANIMA WINGS,GHV MIR GHV,A2 4414/4415,2026-06-02,100.0,221.54222222222222,22154.22,3326.0,2026-05-23,2026-07-05
S26,semnat (AA30/ADD7 11.09.2026),AEGEAN,CLJ RHO CLJ,A34305/4304,2026-06-02,44.0,174.54,7679.76,1995.4,2026-05-23,2026-07-05
S26,semnat (AA30/ADD7 11.09.2026),ANIMA WINGS,TSR HER TSR,A2 4138/4139,2026-06-02,98.0,190.1891891891892,18638.54,2126.6,2026-05-23,2026-07-05
S26,semnat (AA30/ADD7 11.09.2026),ANIMA WINGS,GHV HER GHV,A2 4144/4145,2026-06-02,118.0,201.88,23821.84,1392.4,2026-05-23,2026-07-05
S26,semnat (AA30/ADD7 11.09.2026),ANIMA WINGS,SBZ HER SBZ,A2 4154/4155,2026-06-02,80.0,200.18918918918922,16015.14,800.0,2026-05-23,2026-07-05
S26,semnat (AA30/ADD7 11.09.2026),P45/AEGEAN,CLJ CHQ CLJ,A34557/4556,2026-06-02,50.0,182.0,9100.0,2197.5,2026-05-23,2026-07-05
S26,semnat (AA30/ADD7 11.09.2026),ANIMA WINGS,OTP AYT OTP,A2 4220/4221,2026-06-03,180.0,161.58,29084.4,7300.8,2026-05-24,2026-07-05
S26,semnat (AA30/ADD7 11.09.2026),ANIMA WINGS,OTP HER OTP,A2 4136/4137,2026-06-03,70.0,169.68,11877.6,2017.4,2026-05-24,2026-07-05
S26,semnat (AA30/ADD7 11.09.2026),ANIMA WINGS,TSR AYT TSR,A2 4292/4293,2026-06-03,48.0,191.0,9168.0,1605.12,2026-05-24,2026-07-05
S26,semnat (AA30/ADD7 11.09.2026),ANIMA WINGS,ARW AYT ARW,A2 4234/4235,2026-06-03,107.0,191.0,20437.0,2304.78,2026-05-24,2026-07-05
S26,semnat (AA30/ADD7 11.09.2026),P45/CORENDON,CND AYT CND,,2026-06-03,40.0,154.73,6189.2,880.0,2026-05-24,2026-07-05
S26,semnat (AA30/ADD7 11.09.2026),ANIMA WINGS,OTP ZTH OTP,A2 4116/4117,2026-06-04,160.0,165.47,26475.2,7134.4,2026-05-25,2026-07-05
S26,semnat (AA30/ADD7 11.09.2026),ANIMA WINGS,OTP HER OTP,A2 4148/4149,2026-06-04,100.0,169.68,16968.0,2882.0,2026-05-25,2026-07-05
S26,semnat (AA30/ADD7 11.09.2026),ANIMA WINGS,SCV HER SCV,A2 4158/4159,2026-06-04,90.0,205.97,18537.3,1062.0,2026-05-25,2026-07-05
S26,semnat (AA30/ADD7 11.09.2026),ANIMA WINGS,OTP EFL OTP,A2 4140/4141,2026-06-04,120.0,162.28,19473.6,5397.6,2026-05-25,2026-07-05
S26,semnat (AA30/ADD7 11.09.2026),ANIMA WINGS,OTP AYT OTP,A2 4264/4265,2026-06-04,110.0,161.58,17773.8,4461.6,2026-05-25,2026-07-05
S26,semnat (AA30/ADD7 11.09.2026),ANIMA WINGS,TSR EFL TSR,A2 4160/4161,2026-06-04,118.0,173.64,20489.52,4467.48,2026-05-25,2026-07-05
S26,semnat (AA30/ADD7 11.09.2026),ANIMA WINGS,TSR-CLJ-ZTH-TSR,A2 4122/4123,2026-06-04,107.0,233.67,25002.69,4009.29,2026-05-25,2026-07-05
S26,semnat (AA30/ADD7 11.09.2026),AMARA/HISKY,CLJ PMI CLJ,H45407/5408,2026-06-04,40.0,247.0,9880.0,1260.0,2026-05-25,2026-07-05
S26,semnat (AA30/ADD7 11.09.2026),CORENDON,SCV AYT SCV,CAI9018/9017,2026-06-05,120.0,186.78,22413.6,3272.4,2026-05-26,2026-07-05
S26,semnat (AA30/ADD7 11.09.2026),CORENDON,OMR AYT OMR,CAI9028/9027,2026-06-05,90.0,192.5,17325.0,1998.0,2026-05-26,2026-07-05
S26,semnat (AA30/ADD7 11.09.2026),ANIMA WINGS,OTP AYT OTP,A2 4260/4261,2026-06-05,100.0,161.58,16158.0,4056.0,2026-05-26,2026-07-05
S26,semnat (AA30/ADD7 11.09.2026),ANIMA WINGS,OTP MIR OTP ,A2 4456/4457,2026-06-05,130.0,221.54,28800.2,6536.4,2026-05-26,2026-07-05
S26,semnat (AA30/ADD7 11.09.2026),ANIMA WINGS,CLJ MIR CLJ,A2 4420/4421,2026-06-05,150.0,197.78,29667.0,6864.0,2026-05-26,2026-07-05
S26,semnat (AA30/ADD7 11.09.2026),ANIMA WINGS,OTP AYT OTP,A2 4258/4259,2026-06-05,100.0,161.58,16158.0,4056.0,2026-05-26,2026-07-05
S26,semnat (AA30/ADD7 11.09.2026),ANIMA WINGS,GHV AYT GHV,A2 4224/4225,2026-06-05,70.0,178.96,12527.2,1647.8,2026-05-26,2026-07-05
S26,semnat (AA30/ADD7 11.09.2026),ANIMA WINGS,TSR CFU TSR,A2 4106/4107,2026-06-05,78.0,153.03,11936.34,2922.66,2026-05-26,2026-07-05
S26,semnat (AA30/ADD7 11.09.2026),ANIMA WINGS,TSR MIR TSR,A2 4418/4419,2026-06-05,128.0,207.42,26549.76,5524.48,2026-05-26,2026-07-05
S26,semnat (AA30/ADD7 11.09.2026),ANIMA WINGS,CRA MIR CRA,A2 4450/4451,2026-06-05,128.0,207.42,26549.76,4282.88,2026-05-26,2026-07-05
S26,semnat (AA30/ADD7 11.09.2026),ANIMA WINGS,OTP HRG OTP,A2 4206/4207,2026-06-06,160.0,240.19,38430.4,8446.4,2026-05-27,2026-07-05
S26,semnat (AA30/ADD7 11.09.2026),ANIMA WINGS,CLJ HRG CLJ,A2 4208/4209,2026-06-06,70.0,259.0,18130.0,3378.9,2026-05-27,2026-07-05
S26,semnat (AA30/ADD7 11.09.2026),ANIMA WINGS,CLJ AYT CLJ,A2 4236/4237,2026-06-06,160.0,183.35,29336.0,5766.4,2026-05-27,2026-07-05
S26,semnat (AA30/ADD7 11.09.2026),ANIMA WINGS,OTP BJV OTP,A2 4250/4251,2026-06-06,90.0,157.52,14176.8,3650.4,2026-05-27,2026-07-05
S26,semnat (AA30/ADD7 11.09.2026),ANIMA WINGS,OTP AYT OTP,A2 4272/4273,2026-06-06,100.0,161.58,16158.0,4056.0,2026-05-27,2026-07-05
S26,semnat (AA30/ADD7 11.09.2026),ANIMA WINGS,TSR AYT TSR,A2 4298/4299,2026-06-06,148.0,191.0,28268.0,4949.12,2026-05-27,2026-07-05
S26,semnat (AA30/ADD7 11.09.2026),ANIMA WINGS,OTP HER OTP,A2 4132/4133,2026-06-06,118.0,180.73,21326.14,3400.76,2026-05-27,2026-07-05
S26,semnat (AA30/ADD7 11.09.2026),ANIMA WINGS,CLJ HER CLJ,A2 4142/4143,2026-06-06,118.0,200.19,23622.42,2867.4,2026-05-27,2026-07-05
S26,semnat (AA30/ADD7 11.09.2026),ANIMA WINGS,OTP RHO OTP,A2 4126/4127,2026-06-06,88.0,171.0,15048.0,3901.92,2026-05-27,2026-07-05
S26,semnat (AA30/ADD7 11.09.2026),ANIMA WINGS,TSR RHO TSR,A2 4128/4129,2026-06-06,68.0,184.78,12565.04,2530.96,2026-05-27,2026-07-05
S26,semnat (AA30/ADD7 11.09.2026),ANIMA WINGS,IAS RHO IAS,A2 4174/4175,2026-06-06,128.0,215.97,27644.16,4776.96,2026-05-27,2026-07-05
S26,semnat (AA30/ADD7 11.09.2026),ANIMA WINGS,TSR CHQ TSR,A2 4152/4153,2026-06-06,108.0,180.73,19518.84,3868.56,2026-05-27,2026-07-05
S26,semnat (AA30/ADD7 11.09.2026),ANIMA WINGS,OTP AYT OTP,A2 4268/4269,2026-06-06,137.0,176.0,24112.0,5556.72,2026-05-27,2026-07-05
S26,semnat (AA30/ADD7 11.09.2026),ANIMA WINGS,IAS AYT IAS,A2 4228/4229,2026-06-06,137.0,201.0,27537.0,4594.98,2026-05-27,2026-07-05
S26,semnat (AA30/ADD7 11.09.2026),ANIMA WINGS,OTP CHQ OTP,A2 4150/4151,2026-06-06,72.0,195.16,14051.52,3091.68,2026-05-27,2026-07-05
S26,semnat (AA30/ADD7 11.09.2026),CORENDON,SCV AYT SCV,CAI9022/9021,2026-06-07,169.0,186.78,31565.82,4608.63,2026-05-28,2026-07-05
S26,semnat (AA30/ADD7 11.09.2026),ANIMA WINGS,OTP PMI OTP,A2 4310/4311,2026-06-07,80.0,254.39,20351.2,2641.6,2026-05-28,2026-07-05
S26,semnat (AA30/ADD7 11.09.2026),ANIMA WINGS,IAS PMI IAS,A2 4318/4319,2026-06-07,120.0,275.73,33087.6,3120.0,2026-05-28,2026-07-05
S26,semnat (AA30/ADD7 11.09.2026),ANIMA WINGS,OTP AYT OTP,A2 4270/4271,2026-06-07,50.0,161.58,8079.0,2028.0,2026-05-28,2026-07-05
S26,semnat (AA30/ADD7 11.09.2026),ANIMA WINGS,OTP EFL OTP,A2 4140/4141,2026-06-07,90.0,162.28,14605.2,4048.2,2026-05-28,2026-07-05
S26,semnat (AA30/ADD7 11.09.2026),ANIMA WINGS,TSR-GHV-HRG-TSR,A24408/4409,2026-06-07,128.0,332.67,42581.76,5845.76,2026-05-28,2026-07-05
S26,semnat (AA30/ADD7 11.09.2026),ANIMA WINGS,TSR PMI TSR,A2 4312/4313,2026-06-07,83.0,260.05,21584.15,2149.7,2026-05-28,2026-07-05
S26,semnat (AA30/ADD7 11.09.2026),ANIMA WINGS,OTP CFU OTP,A2 4102/4103,2026-06-07,87.0,165.23,14375.01,3879.33,2026-05-28,2026-07-05
S26,semnat (AA30/ADD7 11.09.2026),CORENDON,IAS AYT IAS,CAI9006/9005,2026-06-08,129.0,182.0,23478.0,4128.0,2026-05-29,2026-07-05
S26,semnat (AA30/ADD7 11.09.2026),CORENDON,CLJ AYT CLJ,CAI9002/9001,2026-06-08,100.0,196.5,19650.0,4120.0,2026-05-29,2026-07-05
S26,semnat (AA30/ADD7 11.09.2026),ANIMA WINGS,IAS HRG IAS,A2 4212/4213,2026-06-08,160.0,263.47777777777776,42156.44,7323.2,2026-05-29,2026-07-05
S26,semnat (AA30/ADD7 11.09.2026),ANIMA WINGS,CRA AYT CRA,A2 4294/4295,2026-06-08,80.0,161.40844444444446,12912.68,1899.2,2026-05-29,2026-07-05
S26,semnat (AA30/ADD7 11.09.2026),ANIMA WINGS,OTP AYT OTP,A2 4222/4223,2026-06-08,110.0,161.58,17773.8,4461.6,2026-05-29,2026-07-05
S26,semnat (AA30/ADD7 11.09.2026),ANIMA WINGS,OTP HRG OTP,A2 4104/4105,2026-06-08,180.0,240.19,41571.35,9136.73,2026-05-29,2026-07-05
S26,semnat (AA30/ADD7 11.09.2026),TAILWIND,BAY AYT BAY,TWI 414/413,2026-06-08,68.0,196.0,13328.0,1360.0,2026-05-29,2026-07-05
S26,semnat (AA30/ADD7 11.09.2026),TAILWIND,BCM AYT BCM,TWI 404/403,2026-06-08,78.0,173.0,13494.0,1833.0,2026-05-29,2026-07-05
S26,semnat (AA30/ADD7 11.09.2026),ANIMA WINGS,TSR AYT TSR,A2 4296/4297,2026-06-08,148.0,191.0,28268.0,4949.12,2026-05-29,2026-07-05
S26,semnat (AA30/ADD7 11.09.2026),ANIMA WINGS,GHV AYT GHV,A2 4224/4225,2026-06-08,128.0,182.02,23298.56,3013.12,2026-05-29,2026-07-05
S26,semnat (AA30/ADD7 11.09.2026),CORENDON,SBZ AYT SBZ,CAI9014/9013,2026-06-09,149.0,185.28,27606.72,3203.5,2026-05-30,2026-07-05
S26,semnat (AA30/ADD7 11.09.2026),ANIMA WINGS,OTP HER OTP,A2 4132/4133,2026-06-09,110.0,169.68355555555556,18665.19,3170.2,2026-05-30,2026-07-05
S26,semnat (AA30/ADD7 11.09.2026),ANIMA WINGS,IAS HER IAS,A2 4134/4135,2026-06-09,80.0,179.7055,14376.44,1744.0,2026-05-30,2026-07-05
S26,semnat (AA30/ADD7 11.09.2026),ANIMA WINGS,OTP RHO OTP,A2 4126/4127,2026-06-09,120.0,181.63116666666667,21795.74,5320.8,2026-05-30,2026-07-05
S26,semnat (AA30/ADD7 11.09.2026),ANIMA WINGS,OTP MIR OTP,A2 4410/4411,2026-06-09,140.0,221.54,31015.6,7039.2,2026-05-30,2026-07-05
S26,semnat (AA30/ADD7 11.09.2026),ANIMA WINGS,GHV MIR GHV,A2 4414/4415,2026-06-09,100.0,221.54222222222222,22154.22,3326.0,2026-05-30,2026-07-05
S26,semnat (AA30/ADD7 11.09.2026),AEGEAN,CLJ RHO CLJ,A34305/4304,2026-06-09,44.0,174.54,7679.76,1995.4,2026-05-30,2026-07-05
S26,semnat (AA30/ADD7 11.09.2026),ANIMA WINGS,TSR HER TSR,A2 4138/4139,2026-06-09,98.0,190.1891891891892,18638.54,2126.6,2026-05-30,2026-07-05
S26,semnat (AA30/ADD7 11.09.2026),ANIMA WINGS,GHV HER GHV,A2 4144/4145,2026-06-09,118.0,201.88,23821.84,1392.4,2026-05-30,2026-07-05
S26,semnat (AA30/ADD7 11.09.2026),ANIMA WINGS,SBZ HER SBZ,A2 4154/4155,2026-06-09,80.0,200.18918918918922,16015.14,800.0,2026-05-30,2026-07-05
S26,semnat (AA30/ADD7 11.09.2026),TEZ/SKYEXPRESS,TGM HER TGM,GQ4813/12,2026-06-09,70.0,210.0,14700.0,665.0,2026-05-30,2026-07-05
S26,semnat (AA30/ADD7 11.09.2026),P45/AEGEAN,CLJ CHQ CLJ,A34557/4556,2026-06-09,50.0,182.0,9100.0,2197.5,2026-05-30,2026-07-05
S26,semnat (AA30/ADD7 11.09.2026),ANIMA WINGS,OTP AYT OTP,A2 4220/4221,2026-06-10,180.0,161.58,29084.4,7300.8,2026-05-31,2026-07-05
S26,semnat (AA30/ADD7 11.09.2026),ANIMA WINGS,OTP HER OTP,A2 4136/4137,2026-06-10,70.0,169.68,11877.6,2017.4,2026-05-31,2026-07-05
S26,semnat (AA30/ADD7 11.09.2026),ANIMA WINGS,TSR AYT TSR,A2 4292/4293,2026-06-10,48.0,191.0,9168.0,1605.12,2026-05-31,2026-07-05
S26,semnat (AA30/ADD7 11.09.2026),ANIMA WINGS,ARW AYT ARW,A2 4234/4235,2026-06-10,107.0,191.0,20437.0,2304.78,2026-05-31,2026-07-05
S26,semnat (AA30/ADD7 11.09.2026),P45/CORENDON,CND AYT CND,,2026-06-10,40.0,154.73,6189.2,880.0,2026-05-31,2026-07-05
S26,semnat (AA30/ADD7 11.09.2026),ANIMA WINGS,OTP ZTH OTP,A2 4116/4117,2026-06-11,160.0,165.47,26475.2,7134.4,2026-06-01,2026-07-05
S26,semnat (AA30/ADD7 11.09.2026),ANIMA WINGS,OTP HER OTP,A2 4148/4149,2026-06-11,100.0,169.68,16968.0,2882.0,2026-06-01,2026-07-05
S26,semnat (AA30/ADD7 11.09.2026),ANIMA WINGS,SCV HER SCV,A2 4158/4159,2026-06-11,90.0,205.97,18537.3,1062.0,2026-06-01,2026-07-05
S26,semnat (AA30/ADD7 11.09.2026),ANIMA WINGS,OTP EFL OTP,A2 4140/4141,2026-06-11,120.0,162.28,19473.6,5397.6,2026-06-01,2026-07-05
S26,semnat (AA30/ADD7 11.09.2026),ANIMA WINGS,OTP AYT OTP,A2 4264/4265,2026-06-11,110.0,161.58,17773.8,4461.6,2026-06-01,2026-07-05
S26,semnat (AA30/ADD7 11.09.2026),ANIMA WINGS,TSR EFL TSR,A2 4160/4161,2026-06-11,118.0,173.64,20489.52,4467.48,2026-06-01,2026-07-05
S26,semnat (AA30/ADD7 11.09.2026),ANIMA WINGS,TSR-CLJ-ZTH-CLJ-TSR,A2 4122/4123,2026-06-11,118.0,265.55,31334.9,4421.46,2026-06-01,2026-07-05
S26,semnat (AA30/ADD7 11.09.2026),TEZ/SKYEXPRESS,BAY HER BAY,GQ4641/40,2026-06-11,60.0,222.0,13320.0,498.0,2026-06-01,2026-07-05
S26,semnat (AA30/ADD7 11.09.2026),AMARA/HISKY,CLJ PMI CLJ,H45407/5408,2026-06-11,40.0,247.0,9880.0,1260.0,2026-06-01,2026-07-05
S26,semnat (AA30/ADD7 11.09.2026),AMARA/HISKY,CLJ LCA CLJ,H45427/5428,2026-06-11,30.0,224.0,6720.0,1337.4,2026-06-01,2026-07-05
S26,semnat (AA30/ADD7 11.09.2026),CORENDON,SCV AYT SCV,CAI9018/9017,2026-06-12,120.0,186.78,22413.6,3272.4,2026-06-02,2026-07-05
S26,semnat (AA30/ADD7 11.09.2026),CORENDON,OMR AYT OMR,CAI9028/9027,2026-06-12,90.0,192.5,17325.0,1998.0,2026-06-02,2026-07-05
S26,semnat (AA30/ADD7 11.09.2026),ANIMA WINGS,OTP AYT OTP,A2 4260/4261,2026-06-12,100.0,161.58,16158.0,4056.0,2026-06-02,2026-07-05
S26,semnat (AA30/ADD7 11.09.2026),ANIMA WINGS,OTP MIR OTP ,A2 4456/4457,2026-06-12,130.0,221.54,28800.2,6536.4,2026-06-02,2026-07-05
S26,semnat (AA30/ADD7 11.09.2026),ANIMA WINGS,CLJ MIR CLJ,A2 4420/4421,2026-06-12,150.0,197.78,29667.0,6864.0,2026-06-02,2026-07-05
S26,semnat (AA30/ADD7 11.09.2026),ANIMA WINGS,OTP AYT OTP,A2 4258/4259,2026-06-12,100.0,161.58,16158.0,4056.0,2026-06-02,2026-07-05
S26,semnat (AA30/ADD7 11.09.2026),ANIMA WINGS,GHV AYT GHV,A2 4224/4225,2026-06-12,70.0,178.96,12527.2,1647.8,2026-06-02,2026-07-05
S26,semnat (AA30/ADD7 11.09.2026),ANIMA WINGS,TSR CFU TSR,A2 4106/4107,2026-06-12,78.0,153.03,11936.34,2922.66,2026-06-02,2026-07-05
S26,semnat (AA30/ADD7 11.09.2026),ANIMA WINGS,TSR MIR TSR,A2 4418/4419,2026-06-12,128.0,207.42,26549.76,5524.48,2026-06-02,2026-07-05
S26,semnat (AA30/ADD7 11.09.2026),ANIMA WINGS,CRA MIR CRA,A2 4450/4451,2026-06-12,128.0,207.42,26549.76,4282.88,2026-06-02,2026-07-05
S26,semnat (AA30/ADD7 11.09.2026),ANIMA WINGS,OTP HRG OTP,A2 4206/4207,2026-06-13,160.0,240.19,38430.4,8446.4,2026-06-03,2026-07-05
S26,semnat (AA30/ADD7 11.09.2026),ANIMA WINGS,CLJ HRG CLJ,A2 4208/4209,2026-06-13,70.0,259.0,18130.0,3378.9,2026-06-03,2026-07-05
S26,semnat (AA30/ADD7 11.09.2026),ANIMA WINGS,CLJ AYT CLJ,A2 4236/4237,2026-06-13,160.0,183.35,29336.0,5766.4,2026-06-03,2026-07-05
S26,semnat (AA30/ADD7 11.09.2026),ANIMA WINGS,OTP BJV OTP,A2 4250/4251,2026-06-13,90.0,157.52,14176.8,3650.4,2026-06-03,2026-07-05
S26,semnat (AA30/ADD7 11.09.2026),ANIMA WINGS,OTP AYT OTP,A2 4272/4273,2026-06-13,100.0,161.58,16158.0,4056.0,2026-06-03,2026-07-05
S26,semnat (AA30/ADD7 11.09.2026),ANIMA WINGS,TSR AYT TSR,A2 4298/4299,2026-06-13,148.0,191.0,28268.0,4949.12,2026-06-03,2026-07-05
S26,semnat (AA30/ADD7 11.09.2026),ANIMA WINGS,OTP HER OTP,A2 4132/4133,2026-06-13,118.0,180.73,21326.14,3400.76,2026-06-03,2026-07-05
S26,semnat (AA30/ADD7 11.09.2026),ANIMA WINGS,CLJ HER CLJ,A2 4142/4143,2026-06-13,118.0,200.19,23622.42,2867.4,2026-06-03,2026-07-05
S26,semnat (AA30/ADD7 11.09.2026),ANIMA WINGS,OTP RHO OTP,A2 4126/4127,2026-06-13,88.0,171.0,15048.0,3901.92,2026-06-03,2026-07-05
S26,semnat (AA30/ADD7 11.09.2026),ANIMA WINGS,TSR RHO TSR,A2 4128/4129,2026-06-13,68.0,184.78,12565.04,2530.96,2026-06-03,2026-07-05
S26,semnat (AA30/ADD7 11.09.2026),ANIMA WINGS,IAS RHO IAS,A2 4174/4175,2026-06-13,128.0,215.97,27644.16,4776.96,2026-06-03,2026-07-05
S26,semnat (AA30/ADD7 11.09.2026),ANIMA WINGS,CRA AYT CRA,A24294/4295,2026-06-13,148.0,182.18,26962.64,3513.52,2026-06-03,2026-07-05
S26,semnat (AA30/ADD7 11.09.2026),ANIMA WINGS,TSR CHQ TSR,A2 4152/4153,2026-06-13,108.0,180.73,19518.84,3868.56,2026-06-03,2026-07-05
S26,semnat (AA30/ADD7 11.09.2026),ANIMA WINGS,OTP AYT OTP,A2 4268/4269,2026-06-13,137.0,176.0,24112.0,5556.72,2026-06-03,2026-07-05
S26,semnat (AA30/ADD7 11.09.2026),ANIMA WINGS,IAS AYT IAS,A2 4228/4229,2026-06-13,137.0,201.0,27537.0,4594.98,2026-06-03,2026-07-05
S26,semnat (AA30/ADD7 11.09.2026),ANIMA WINGS,OTP CHQ OTP,A2 4150/4151,2026-06-13,72.0,195.16,14051.52,3091.68,2026-06-03,2026-07-05
S26,semnat (AA30/ADD7 11.09.2026),CORENDON,SCV AYT SCV,CAI9022/9021,2026-06-14,169.0,186.78,31565.82,4608.63,2026-06-04,2026-07-05
S26,semnat (AA30/ADD7 11.09.2026),ANIMA WINGS,OTP PMI OTP,A2 4310/4311,2026-06-14,80.0,254.39,20351.2,2641.6,2026-06-04,2026-07-05
S26,semnat (AA30/ADD7 11.09.2026),ANIMA WINGS,IAS PMI IAS,A2 4318/4319,2026-06-14,120.0,275.73,33087.6,3120.0,2026-06-04,2026-07-05
S26,semnat (AA30/ADD7 11.09.2026),ANIMA WINGS,OTP AYT OTP,A2 4270/4271,2026-06-14,50.0,161.58,8079.0,2028.0,2026-06-04,2026-07-05
S26,semnat (AA30/ADD7 11.09.2026),ANIMA WINGS,OTP EFL OTP,A2 4140/4141,2026-06-14,90.0,162.28,14605.2,4048.2,2026-06-04,2026-07-05
S26,semnat (AA30/ADD7 11.09.2026),ANIMA WINGS,TSR HRG TSR,A2 4408/4409,2026-06-14,118.0,286.9,33854.2,5389.06,2026-06-04,2026-07-05
S26,semnat (AA30/ADD7 11.09.2026),ANIMA WINGS,GHV HRG GHV ,A2 4100/4101,2026-06-14,98.0,266.0,26068.0,3505.46,2026-06-04,2026-07-05
S26,semnat (AA30/ADD7 11.09.2026),ANIMA WINGS,TSR PMI TSR,A2 4312/4313,2026-06-14,83.0,260.05,21584.15,2149.7,2026-06-04,2026-07-05
S26,semnat (AA30/ADD7 11.09.2026),CORENDON,IAS AYT IAS,CAI9006/9005,2026-06-15,129.0,182.0,23478.0,4128.0,2026-06-05,2026-07-05
S26,semnat (AA30/ADD7 11.09.2026),CORENDON,CLJ AYT CLJ,CAI9002/9001,2026-06-15,100.0,196.5,19650.0,4120.0,2026-06-05,2026-07-05
S26,semnat (AA30/ADD7 11.09.2026),ANIMA WINGS,IAS HRG IAS,A2 4212/4213,2026-06-15,160.0,263.47777777777776,42156.44,7323.2,2026-06-05,2026-07-05
S26,semnat (AA30/ADD7 11.09.2026),ANIMA WINGS,CRA AYT CRA,A2 4294/4295,2026-06-15,80.0,161.40844444444446,12912.68,1899.2,2026-06-05,2026-07-05
S26,semnat (AA30/ADD7 11.09.2026),ANIMA WINGS,OTP AYT OTP,A2 4222/4223,2026-06-15,110.0,161.58,17773.8,4461.6,2026-06-05,2026-07-05
S26,semnat (AA30/ADD7 11.09.2026),ANIMA WINGS,OTP HRG OTP,A2 4104/4105,2026-06-15,180.0,240.19,41571.35,9136.73,2026-06-05,2026-07-05
S26,semnat (AA30/ADD7 11.09.2026),TAILWIND,BAY AYT BAY,TWI 414/413,2026-06-15,68.0,196.0,13328.0,1360.0,2026-06-05,2026-07-05
S26,semnat (AA30/ADD7 11.09.2026),TAILWIND,BCM AYT BCM,TWI 404/403,2026-06-15,78.0,173.0,13494.0,1833.0,2026-06-05,2026-07-05
S26,semnat (AA30/ADD7 11.09.2026),ANIMA WINGS,TSR AYT TSR,A2 4296/4297,2026-06-15,148.0,191.0,28268.0,4949.12,2026-06-05,2026-07-05
S26,semnat (AA30/ADD7 11.09.2026),ANIMA WINGS,GHV AYT GHV,A2 4224/4225,2026-06-15,128.0,182.02,23298.56,3013.12,2026-06-05,2026-07-05
S26,semnat (AA30/ADD7 11.09.2026),CORENDON,SBZ AYT SBZ,CAI9014/9013,2026-06-16,149.0,185.28,27606.72,3203.5,2026-06-06,2026-07-05
S26,semnat (AA30/ADD7 11.09.2026),ANIMA WINGS,OTP HER OTP,A2 4132/4133,2026-06-16,110.0,169.68355555555556,18665.19,3170.2,2026-06-06,2026-07-05
S26,semnat (AA30/ADD7 11.09.2026),ANIMA WINGS,IAS HER IAS,A2 4134/4135,2026-06-16,80.0,179.7055,14376.44,1744.0,2026-06-06,2026-07-05
S26,semnat (AA30/ADD7 11.09.2026),ANIMA WINGS,OTP RHO OTP,A2 4126/4127,2026-06-16,120.0,181.63116666666667,21795.74,5320.8,2026-06-06,2026-07-05
S26,semnat (AA30/ADD7 11.09.2026),ANIMA WINGS,OTP AYT OTP,A2 4238/4239,2026-06-16,180.0,161.58,29084.4,7300.8,2026-06-06,2026-07-05
S26,semnat (AA30/ADD7 11.09.2026),ANIMA WINGS,OTP MIR OTP,A2 4410/4411,2026-06-16,140.0,221.54,31015.6,7039.2,2026-06-06,2026-07-05
S26,semnat (AA30/ADD7 11.09.2026),ANIMA WINGS,GHV MIR GHV,A2 4414/4415,2026-06-16,100.0,221.54222222222222,22154.22,3326.0,2026-06-06,2026-07-05
S26,semnat (AA30/ADD7 11.09.2026),AEGEAN,CLJ RHO CLJ,A34305/4304,2026-06-16,44.0,174.54,7679.76,1995.4,2026-06-06,2026-07-05
S26,semnat (AA30/ADD7 11.09.2026),ANIMA WINGS,TSR HER TSR,A2 4138/4139,2026-06-16,98.0,190.1891891891892,18638.54,2126.6,2026-06-06,2026-07-05
S26,semnat (AA30/ADD7 11.09.2026),ANIMA WINGS,GHV HER GHV,A2 4144/4145,2026-06-16,118.0,201.88,23821.84,1392.4,2026-06-06,2026-07-05
S26,semnat (AA30/ADD7 11.09.2026),ANIMA WINGS,SBZ HER SBZ,A2 4154/4155,2026-06-16,80.0,200.18918918918922,16015.14,800.0,2026-06-06,2026-07-05
S26,semnat (AA30/ADD7 11.09.2026),TEZ/SKYEXPRESS,TGM HER TGM,GQ4813/12,2026-06-16,70.0,210.0,14700.0,665.0,2026-06-06,2026-07-05
S26,semnat (AA30/ADD7 11.09.2026),P45/AEGEAN,CLJ CHQ CLJ,A34557/4556,2026-06-16,50.0,182.0,9100.0,2197.5,2026-06-06,2026-07-05
S26,semnat (AA30/ADD7 11.09.2026),ANIMA WINGS,OTP AYT OTP,A2 4220/4221,2026-06-17,180.0,161.58,29084.4,7300.8,2026-06-07,2026-07-05
S26,semnat (AA30/ADD7 11.09.2026),ANIMA WINGS,OTP HER OTP,A2 4136/4137,2026-06-17,70.0,169.68,11877.6,2017.4,2026-06-07,2026-07-05
S26,semnat (AA30/ADD7 11.09.2026),ANIMA WINGS,CRA HER CRA,A2 4146/4147,2026-06-17,90.0,160.74,14466.6,1080.0,2026-06-07,2026-07-05
S26,semnat (AA30/ADD7 11.09.2026),ANIMA WINGS,TSR AYT TSR,A2 4292/4293,2026-06-17,48.0,191.0,9168.0,1605.12,2026-06-07,2026-07-05
S26,semnat (AA30/ADD7 11.09.2026),ANIMA WINGS,ARW AYT ARW,A2 4234/4235,2026-06-17,107.0,191.0,20437.0,2304.78,2026-06-07,2026-07-05
S26,semnat (AA30/ADD7 11.09.2026),P45/CORENDON,CND AYT CND,,2026-06-17,40.0,154.73,6189.2,880.0,2026-06-07,2026-07-05
S26,semnat (AA30/ADD7 11.09.2026),ANIMA WINGS,OTP ZTH OTP,A2 4116/4117,2026-06-18,160.0,165.47,26475.2,7134.4,2026-06-08,2026-07-05
S26,semnat (AA30/ADD7 11.09.2026),ANIMA WINGS,OTP HER OTP,A2 4148/4149,2026-06-18,100.0,169.68,16968.0,2882.0,2026-06-08,2026-07-05
S26,semnat (AA30/ADD7 11.09.2026),ANIMA WINGS,SCV HER SCV,A2 4158/4159,2026-06-18,90.0,205.97,18537.3,1062.0,2026-06-08,2026-07-05
S26,semnat (AA30/ADD7 11.09.2026),ANIMA WINGS,OTP EFL OTP,A2 4140/4141,2026-06-18,120.0,162.28,19473.6,5397.6,2026-06-08,2026-07-05
S26,semnat (AA30/ADD7 11.09.2026),ANIMA WINGS,OTP AYT OTP,A2 4264/4265,2026-06-18,110.0,161.58,17773.8,4461.6,2026-06-08,2026-07-05
S26,semnat (AA30/ADD7 11.09.2026),TAILWIND,GHV AYT GHV,TWI 408/407,2026-06-18,78.0,175.0,13650.0,1719.9,2026-06-08,2026-07-05
S26,semnat (AA30/ADD7 11.09.2026),ANIMA WINGS,TSR ZTH TSR,A2 4122/4123,2026-06-18,108.0,159.92,17271.36,4046.76,2026-06-08,2026-07-05
S26,semnat (AA30/ADD7 11.09.2026),ANIMA WINGS,CLJ ZTH CLJ,A2 4120/4121,2026-06-18,118.0,179.75,21210.5,4728.26,2026-06-08,2026-07-05
S26,semnat (AA30/ADD7 11.09.2026),ANIMA WINGS,TSR EFL TSR,A2 4160/4161,2026-06-18,118.0,173.64,20489.52,4467.48,2026-06-08,2026-07-05
S26,semnat (AA30/ADD7 11.09.2026),TEZ/SKYEXPRESS,BAY HER BAY,GQ4641/40,2026-06-18,60.0,222.0,13320.0,498.0,2026-06-08,2026-07-05
S26,semnat (AA30/ADD7 11.09.2026),AMARA/HISKY,CLJ PMI CLJ,H45407/5408,2026-06-18,40.0,247.0,9880.0,1260.0,2026-06-08,2026-07-05
S26,semnat (AA30/ADD7 11.09.2026),AMARA/HISKY,CLJ LCA CLJ,H45427/5428,2026-06-18,30.0,224.0,6720.0,1337.4,2026-06-08,2026-07-05
S26,semnat (AA30/ADD7 11.09.2026),CORENDON,SCV AYT SCV,CAI9018/9017,2026-06-19,120.0,186.78,22413.6,3272.4,2026-06-09,2026-07-05
S26,semnat (AA30/ADD7 11.09.2026),CORENDON,OMR AYT OMR,CAI9028/9027,2026-06-19,90.0,192.5,17325.0,1998.0,2026-06-09,2026-07-05
S26,semnat (AA30/ADD7 11.09.2026),CORENDON,BAY AYT BAY,CAI9020/9019,2026-06-19,119.0,196.28,23357.32,2380.0,2026-06-09,2026-07-05
S26,semnat (AA30/ADD7 11.09.2026),ANIMA WINGS,OTP AYT OTP,A2 4260/4261,2026-06-19,100.0,161.58,16158.0,4056.0,2026-06-09,2026-07-05
S26,semnat (AA30/ADD7 11.09.2026),ANIMA WINGS,OTP MIR OTP ,A2 4456/4457,2026-06-19,130.0,221.54,28800.2,6536.4,2026-06-09,2026-07-05
S26,semnat (AA30/ADD7 11.09.2026),ANIMA WINGS,CLJ MIR CLJ,A2 4420/4421,2026-06-19,150.0,197.78,29667.0,6864.0,2026-06-09,2026-07-05
S26,semnat (AA30/ADD7 11.09.2026),ANIMA WINGS,OTP AYT OTP,A2 4258/4259,2026-06-19,100.0,161.58,16158.0,4056.0,2026-06-09,2026-07-05
S26,semnat (AA30/ADD7 11.09.2026),ANIMA WINGS,GHV AYT GHV,A2 4224/4225,2026-06-19,70.0,178.96,12527.2,1647.8,2026-06-09,2026-07-05
S26,semnat (AA30/ADD7 11.09.2026),TAILWIND,TSR AYT TSR,TWI 410/409,2026-06-19,88.0,191.0,16808.0,2921.6,2026-06-09,2026-07-05
S26,semnat (AA30/ADD7 11.09.2026),TAILWIND,TGM AYT TGM,TWI 418/417,2026-06-19,80.0,189.0,15120.0,1696.0,2026-06-09,2026-07-05
S26,semnat (AA30/ADD7 11.09.2026),ANIMA WINGS,TSR CFU TSR,A2 4106/4107,2026-06-19,78.0,153.03,11936.34,2922.66,2026-06-09,2026-07-05
S26,semnat (AA30/ADD7 11.09.2026),ANIMA WINGS,TSR MIR TSR,A2 4418/4419,2026-06-19,128.0,207.42,26549.76,5524.48,2026-06-09,2026-07-05
S26,semnat (AA30/ADD7 11.09.2026),ANIMA WINGS,CRA MIR CRA,A2 4450/4451,2026-06-19,128.0,207.42,26549.76,4282.88,2026-06-09,2026-07-05
S26,semnat (AA30/ADD7 11.09.2026),ANIMA WINGS,OTP HRG OTP,A2 4206/4207,2026-06-20,160.0,240.19,38430.4,8446.4,2026-06-10,2026-07-05
S26,semnat (AA30/ADD7 11.09.2026),ANIMA WINGS,CLJ HRG CLJ,A2 4208/4209,2026-06-20,70.0,259.0,18130.0,3378.9,2026-06-10,2026-07-05
S26,semnat (AA30/ADD7 11.09.2026),ANIMA WINGS,CLJ AYT CLJ,A2 4236/4237,2026-06-20,160.0,183.35,29336.0,5766.4,2026-06-10,2026-07-05
S26,semnat (AA30/ADD7 11.09.2026),ANIMA WINGS,OTP BJV OTP,A2 4250/4251,2026-06-20,90.0,157.52,14176.8,3650.4,2026-06-10,2026-07-05
S26,semnat (AA30/ADD7 11.09.2026),ANIMA WINGS,OTP AYT OTP,A2 4272/4273,2026-06-20,100.0,161.58,16158.0,4056.0,2026-06-10,2026-07-05
S26,semnat (AA30/ADD7 11.09.2026),FREEBIRD AIRLINES,SBZ AYT SBZ,FH 679/680,2026-06-20,120.0,220.0,26400.0,2580.0,2026-06-10,2026-07-05
S26,semnat (AA30/ADD7 11.09.2026),ANIMA WINGS,TSR AYT TSR,A2 4298/4299,2026-06-20,148.0,191.0,28268.0,4949.12,2026-06-10,2026-07-05
S26,semnat (AA30/ADD7 11.09.2026),ANIMA WINGS,OTP HER OTP,A2 4132/4133,2026-06-20,118.0,180.73,21326.14,3400.76,2026-06-10,2026-07-05
S26,semnat (AA30/ADD7 11.09.2026),ANIMA WINGS,CLJ HER CLJ,A2 4142/4143,2026-06-20,118.0,200.19,23622.42,2867.4,2026-06-10,2026-07-05
S26,semnat (AA30/ADD7 11.09.2026),ANIMA WINGS,OTP RHO OTP,A2 4126/4127,2026-06-20,88.0,171.0,15048.0,3901.92,2026-06-10,2026-07-05
S26,semnat (AA30/ADD7 11.09.2026),ANIMA WINGS,TSR RHO TSR,A2 4128/4129,2026-06-20,68.0,184.78,12565.04,2530.96,2026-06-10,2026-07-05
S26,semnat (AA30/ADD7 11.09.2026),ANIMA WINGS,IAS RHO IAS,A2 4174/4175,2026-06-20,128.0,215.97,27644.16,4776.96,2026-06-10,2026-07-05
S26,semnat (AA30/ADD7 11.09.2026),ANIMA WINGS,CRA AYT CRA,A24294/4295,2026-06-20,148.0,182.18,26962.64,3513.52,2026-06-10,2026-07-05
S26,semnat (AA30/ADD7 11.09.2026),ANIMA WINGS,TSR CHQ TSR,A2 4152/4153,2026-06-20,108.0,180.73,19518.84,3868.56,2026-06-10,2026-07-05
S26,semnat (AA30/ADD7 11.09.2026),ANIMA WINGS,OTP AYT OTP,A2 4268/4269,2026-06-20,137.0,176.0,24112.0,5556.72,2026-06-10,2026-07-05
S26,semnat (AA30/ADD7 11.09.2026),ANIMA WINGS,IAS AYT IAS,A2 4228/4229,2026-06-20,137.0,201.0,27537.0,4594.98,2026-06-10,2026-07-05
S26,semnat (AA30/ADD7 11.09.2026),ANIMA WINGS,OTP CHQ OTP,A2 4150/4151,2026-06-20,72.0,195.16,14051.52,3091.68,2026-06-10,2026-07-05
S26,semnat (AA30/ADD7 11.09.2026),CORENDON,SCV AYT SCV,CAI9022/9021,2026-06-21,169.0,186.78,31565.82,4608.63,2026-06-11,2026-07-05
S26,semnat (AA30/ADD7 11.09.2026),ANIMA WINGS,OTP PMI OTP,A2 4310/4311,2026-06-21,80.0,254.39,20351.2,2641.6,2026-06-11,2026-07-05
S26,semnat (AA30/ADD7 11.09.2026),ANIMA WINGS,IAS PMI IAS,A2 4318/4319,2026-06-21,120.0,275.73,33087.6,3120.0,2026-06-11,2026-07-05
S26,semnat (AA30/ADD7 11.09.2026),ANIMA WINGS,OTP AYT OTP,A2 4270/4271,2026-06-21,50.0,161.58,8079.0,2028.0,2026-06-11,2026-07-05
S26,semnat (AA30/ADD7 11.09.2026),ANIMA WINGS,OTP EFL OTP,A2 4140/4141,2026-06-21,90.0,162.28,14605.2,4048.2,2026-06-11,2026-07-05
S26,semnat (AA30/ADD7 11.09.2026),ANIMA WINGS,TSR HRG TSR,A2 4408/4409,2026-06-21,118.0,286.9,33854.2,5389.06,2026-06-11,2026-07-05
S26,semnat (AA30/ADD7 11.09.2026),ANIMA WINGS,GHV HRG GHV ,A2 4100/4101,2026-06-21,98.0,266.0,26068.0,3505.46,2026-06-11,2026-07-05
S26,semnat (AA30/ADD7 11.09.2026),ANIMA WINGS,TSR PMI TSR,A2 4312/4313,2026-06-21,83.0,260.05,21584.15,2149.7,2026-06-11,2026-07-05
S26,semnat (AA30/ADD7 11.09.2026),ANIMA WINGS,OTP CFU OTP,A2 4102/4103,2026-06-21,87.0,165.23,14375.01,3879.33,2026-06-11,2026-07-05
S26,semnat (AA30/ADD7 11.09.2026),CORENDON,IAS AYT IAS,CAI9006/9005,2026-06-22,129.0,182.0,23478.0,4128.0,2026-06-12,2026-07-05
S26,semnat (AA30/ADD7 11.09.2026),CORENDON,CLJ AYT CLJ,CAI9002/9001,2026-06-22,100.0,196.5,19650.0,4120.0,2026-06-12,2026-07-05
S26,semnat (AA30/ADD7 11.09.2026),ANIMA WINGS,IAS HRG IAS,A2 4212/4213,2026-06-22,160.0,263.47777777777776,42156.44,7323.2,2026-06-12,2026-07-05
S26,semnat (AA30/ADD7 11.09.2026),ANIMA WINGS,CRA AYT CRA,A2 4294/4295,2026-06-22,80.0,161.40844444444446,12912.68,1899.2,2026-06-12,2026-07-05
S26,semnat (AA30/ADD7 11.09.2026),ANIMA WINGS,OTP AYT OTP,A2 4222/4223,2026-06-22,110.0,161.58,17773.8,4461.6,2026-06-12,2026-07-05
S26,semnat (AA30/ADD7 11.09.2026),ANIMA WINGS,OTP AYT OTP,A2 4220/4221,2026-06-22,160.0,161.58,25852.8,6489.6,2026-06-12,2026-07-05
S26,semnat (AA30/ADD7 11.09.2026),ANIMA WINGS,OTP AYT OTP,A2 4226/4227,2026-06-22,160.0,193.5,30960.0,6489.6,2026-06-12,2026-07-05
S26,semnat (AA30/ADD7 11.09.2026),ANIMA WINGS,OTP HRG OTP,A2 4104/4105,2026-06-22,180.0,240.19,41571.35,9136.73,2026-06-12,2026-07-05
S26,semnat (AA30/ADD7 11.09.2026),TAILWIND,BAY AYT BAY,TWI 414/413,2026-06-22,68.0,196.0,13328.0,1360.0,2026-06-12,2026-07-05
S26,semnat (AA30/ADD7 11.09.2026),TAILWIND,BCM AYT BCM,TWI 404/403,2026-06-22,78.0,173.0,13494.0,1833.0,2026-06-12,2026-07-05
S26,semnat (AA30/ADD7 11.09.2026),ANIMA WINGS,TSR AYT TSR,A2 4296/4297,2026-06-22,148.0,191.0,28268.0,4949.12,2026-06-12,2026-07-05
S26,semnat (AA30/ADD7 11.09.2026),ANIMA WINGS,GHV AYT GHV,A2 4224/4225,2026-06-22,128.0,182.02,23298.56,3013.12,2026-06-12,2026-07-05
S26,semnat (AA30/ADD7 11.09.2026),CORENDON,SBZ AYT SBZ,CAI9014/9013,2026-06-23,149.0,185.28,27606.72,3203.5,2026-06-13,2026-07-05
S26,semnat (AA30/ADD7 11.09.2026),ANIMA WINGS,OTP HER OTP,A2 4132/4133,2026-06-23,110.0,169.68355555555556,18665.19,3170.2,2026-06-13,2026-07-05
S26,semnat (AA30/ADD7 11.09.2026),ANIMA WINGS,IAS HER IAS,A2 4134/4135,2026-06-23,80.0,179.7055,14376.44,1744.0,2026-06-13,2026-07-05
S26,semnat (AA30/ADD7 11.09.2026),ANIMA WINGS,OTP RHO OTP,A2 4126/4127,2026-06-23,120.0,181.63116666666667,21795.74,5320.8,2026-06-13,2026-07-05
S26,semnat (AA30/ADD7 11.09.2026),ANIMA WINGS,OTP AYT OTP,A2 4238/4239,2026-06-23,180.0,161.58,29084.4,7300.8,2026-06-13,2026-07-05
S26,semnat (AA30/ADD7 11.09.2026),ANIMA WINGS,OTP MIR OTP,A2 4410/4411,2026-06-23,140.0,221.54,31015.6,7039.2,2026-06-13,2026-07-05
S26,semnat (AA30/ADD7 11.09.2026),ANIMA WINGS,GHV MIR GHV,A2 4414/4415,2026-06-23,100.0,221.54222222222222,22154.22,3326.0,2026-06-13,2026-07-05
S26,semnat (AA30/ADD7 11.09.2026),AEGEAN,CLJ RHO CLJ,A34305/4304,2026-06-23,44.0,174.54,7679.76,1995.4,2026-06-13,2026-07-05
S26,semnat (AA30/ADD7 11.09.2026),ANIMA WINGS,TSR HER TSR,A2 4138/4139,2026-06-23,98.0,190.1891891891892,18638.54,2126.6,2026-06-13,2026-07-05
S26,semnat (AA30/ADD7 11.09.2026),ANIMA WINGS,GHV HER GHV,A2 4144/4145,2026-06-23,118.0,201.88,23821.84,1392.4,2026-06-13,2026-07-05
S26,semnat (AA30/ADD7 11.09.2026),ANIMA WINGS,SBZ HER SBZ,A2 4154/4155,2026-06-23,80.0,200.18918918918922,16015.14,800.0,2026-06-13,2026-07-05
S26,semnat (AA30/ADD7 11.09.2026),TEZ/SKYEXPRESS,TGM HER TGM,GQ4813/12,2026-06-23,70.0,210.0,14700.0,665.0,2026-06-13,2026-07-05
S26,semnat (AA30/ADD7 11.09.2026),P45/AEGEAN,CLJ CHQ CLJ,A34557/4556,2026-06-23,50.0,182.0,9100.0,2197.5,2026-06-13,2026-07-05
S26,semnat (AA30/ADD7 11.09.2026),ANIMA WINGS,OTP AYT OTP,A2 4220/4221,2026-06-24,180.0,161.58,29084.4,7300.8,2026-06-14,2026-07-05
S26,semnat (AA30/ADD7 11.09.2026),ANIMA WINGS,OTP HER OTP,A2 4136/4137,2026-06-24,70.0,169.68,11877.6,2017.4,2026-06-14,2026-07-05
S26,semnat (AA30/ADD7 11.09.2026),ANIMA WINGS,CRA HER CRA,A2 4146/4147,2026-06-24,90.0,160.74,14466.6,1080.0,2026-06-14,2026-07-05
S26,semnat (AA30/ADD7 11.09.2026),ANIMA WINGS,TSR AYT TSR,A2 4292/4293,2026-06-24,48.0,191.0,9168.0,1605.12,2026-06-14,2026-07-05
S26,semnat (AA30/ADD7 11.09.2026),ANIMA WINGS,ARW AYT ARW,A2 4234/4235,2026-06-24,107.0,191.0,20437.0,2304.78,2026-06-14,2026-07-05
S26,semnat (AA30/ADD7 11.09.2026),P45/CORENDON,CND AYT CND,,2026-06-24,40.0,154.73,6189.2,880.0,2026-06-14,2026-07-05
S26,semnat (AA30/ADD7 11.09.2026),ANIMA WINGS,OTP ZTH OTP,A2 4116/4117,2026-06-25,160.0,165.47,26475.2,7134.4,2026-06-15,2026-07-05
S26,semnat (AA30/ADD7 11.09.2026),ANIMA WINGS,OTP HER OTP,A2 4148/4149,2026-06-25,100.0,169.68,16968.0,2882.0,2026-06-15,2026-07-05
S26,semnat (AA30/ADD7 11.09.2026),ANIMA WINGS,SCV HER SCV,A2 4158/4159,2026-06-25,90.0,205.97,18537.3,1062.0,2026-06-15,2026-07-05
S26,semnat (AA30/ADD7 11.09.2026),ANIMA WINGS,OTP EFL OTP,A2 4140/4141,2026-06-25,120.0,162.28,19473.6,5397.6,2026-06-15,2026-07-05
S26,semnat (AA30/ADD7 11.09.2026),ANIMA WINGS,OTP AYT OTP,A2 4264/4265,2026-06-25,110.0,161.58,17773.8,4461.6,2026-06-15,2026-07-05
S26,semnat (AA30/ADD7 11.09.2026),TAILWIND,GHV AYT GHV,TWI 408/407,2026-06-25,78.0,175.0,13650.0,1719.9,2026-06-15,2026-07-05
S26,semnat (AA30/ADD7 11.09.2026),ANIMA WINGS,TSR ZTH TSR,A2 4122/4123,2026-06-25,108.0,159.92,17271.36,4046.76,2026-06-15,2026-07-05
S26,semnat (AA30/ADD7 11.09.2026),ANIMA WINGS,CLJ ZTH CLJ,A2 4120/4121,2026-06-25,118.0,179.75,21210.5,4728.26,2026-06-15,2026-07-05
S26,semnat (AA30/ADD7 11.09.2026),ANIMA WINGS,TSR EFL TSR,A2 4160/4161,2026-06-25,118.0,173.64,20489.52,4467.48,2026-06-15,2026-07-05
S26,semnat (AA30/ADD7 11.09.2026),TEZ/SKYEXPRESS,BAY HER BAY,GQ4641/40,2026-06-25,60.0,222.0,13320.0,498.0,2026-06-15,2026-07-05
S26,semnat (AA30/ADD7 11.09.2026),AMARA/HISKY,CLJ PMI CLJ,H45407/5408,2026-06-25,40.0,247.0,9880.0,1260.0,2026-06-15,2026-07-05
S26,semnat (AA30/ADD7 11.09.2026),AMARA/HISKY,CLJ LCA CLJ,H45427/5428,2026-06-25,30.0,224.0,6720.0,1337.4,2026-06-15,2026-07-05
S26,semnat (AA30/ADD7 11.09.2026),CORENDON,SCV AYT SCV,CAI9018/9017,2026-06-26,120.0,186.78,22413.6,3272.4,2026-06-16,2026-07-05
S26,semnat (AA30/ADD7 11.09.2026),CORENDON,OMR AYT OMR,CAI9028/9027,2026-06-26,90.0,192.5,17325.0,1998.0,2026-06-16,2026-07-05
S26,semnat (AA30/ADD7 11.09.2026),CORENDON,BAY AYT BAY,CAI9020/9019,2026-06-26,119.0,196.28,23357.32,2380.0,2026-06-16,2026-07-05
S26,semnat (AA30/ADD7 11.09.2026),ANIMA WINGS,OTP AYT OTP,A2 4260/4261,2026-06-26,100.0,161.58,16158.0,4056.0,2026-06-16,2026-07-05
S26,semnat (AA30/ADD7 11.09.2026),ANIMA WINGS,OTP MIR OTP ,A2 4456/4457,2026-06-26,130.0,221.54,28800.2,6536.4,2026-06-16,2026-07-05
S26,semnat (AA30/ADD7 11.09.2026),ANIMA WINGS,CLJ MIR CLJ,A2 4420/4421,2026-06-26,150.0,197.78,29667.0,6864.0,2026-06-16,2026-07-05
S26,semnat (AA30/ADD7 11.09.2026),ANIMA WINGS,OTP AYT OTP,A2 4258/4259,2026-06-26,100.0,161.58,16158.0,4056.0,2026-06-16,2026-07-05
S26,semnat (AA30/ADD7 11.09.2026),ANIMA WINGS,GHV AYT GHV,A2 4224/4225,2026-06-26,70.0,178.96,12527.2,1647.8,2026-06-16,2026-07-05
S26,semnat (AA30/ADD7 11.09.2026),TAILWIND,TSR AYT TSR,TWI 410/409,2026-06-26,88.0,191.0,16808.0,2921.6,2026-06-16,2026-07-05
S26,semnat (AA30/ADD7 11.09.2026),TAILWIND,TGM AYT TGM,TWI 418/417,2026-06-26,80.0,189.0,15120.0,1696.0,2026-06-16,2026-07-05
S26,semnat (AA30/ADD7 11.09.2026),ANIMA WINGS,TSR CFU TSR,A2 4106/4107,2026-06-26,78.0,153.03,11936.34,2922.66,2026-06-16,2026-07-05
S26,semnat (AA30/ADD7 11.09.2026),ANIMA WINGS,TSR MIR TSR,A2 4418/4419,2026-06-26,128.0,207.42,26549.76,5524.48,2026-06-16,2026-07-05
S26,semnat (AA30/ADD7 11.09.2026),ANIMA WINGS,CRA MIR CRA,A2 4450/4451,2026-06-26,128.0,207.42,26549.76,4282.88,2026-06-16,2026-07-05
S26,semnat (AA30/ADD7 11.09.2026),ANIMA WINGS,OTP HRG OTP,A2 4206/4207,2026-06-27,160.0,240.19,38430.4,8446.4,2026-06-17,2026-07-05
S26,semnat (AA30/ADD7 11.09.2026),ANIMA WINGS,CLJ HRG CLJ,A2 4208/4209,2026-06-27,70.0,259.0,18130.0,3378.9,2026-06-17,2026-07-05
S26,semnat (AA30/ADD7 11.09.2026),ANIMA WINGS,CLJ AYT CLJ,A2 4236/4237,2026-06-27,160.0,183.35,29336.0,5766.4,2026-06-17,2026-07-05
S26,semnat (AA30/ADD7 11.09.2026),ANIMA WINGS,OTP BJV OTP,A2 4250/4251,2026-06-27,90.0,157.52,14176.8,3650.4,2026-06-17,2026-07-05
S26,semnat (AA30/ADD7 11.09.2026),ANIMA WINGS,OTP AYT OTP,A2 4272/4273,2026-06-27,100.0,161.58,16158.0,4056.0,2026-06-17,2026-07-05
S26,semnat (AA30/ADD7 11.09.2026),FREEBIRD AIRLINES,SBZ AYT SBZ,FH 679/680,2026-06-27,120.0,220.0,26400.0,2580.0,2026-06-17,2026-07-05
S26,semnat (AA30/ADD7 11.09.2026),ANIMA WINGS,TSR AYT TSR,A2 4298/4299,2026-06-27,148.0,191.0,28268.0,4949.12,2026-06-17,2026-07-05
S26,semnat (AA30/ADD7 11.09.2026),ANIMA WINGS,OTP HER OTP,A2 4132/4133,2026-06-27,118.0,180.73,21326.14,3400.76,2026-06-17,2026-07-05
S26,semnat (AA30/ADD7 11.09.2026),ANIMA WINGS,CLJ HER CLJ,A2 4142/4143,2026-06-27,118.0,200.19,23622.42,2867.4,2026-06-17,2026-07-05
S26,semnat (AA30/ADD7 11.09.2026),ANIMA WINGS,OTP RHO OTP,A2 4126/4127,2026-06-27,88.0,171.0,15048.0,3901.92,2026-06-17,2026-07-05
S26,semnat (AA30/ADD7 11.09.2026),ANIMA WINGS,TSR RHO TSR,A2 4128/4129,2026-06-27,68.0,184.78,12565.04,2530.96,2026-06-17,2026-07-05
S26,semnat (AA30/ADD7 11.09.2026),ANIMA WINGS,IAS RHO IAS,A2 4174/4175,2026-06-27,128.0,215.97,27644.16,4776.96,2026-06-17,2026-07-05
S26,semnat (AA30/ADD7 11.09.2026),ANIMA WINGS,CRA AYT CRA,A24294/4295,2026-06-27,148.0,182.18,26962.64,3513.52,2026-06-17,2026-07-05
S26,semnat (AA30/ADD7 11.09.2026),ANIMA WINGS,TSR CHQ TSR,A2 4152/4153,2026-06-27,108.0,180.73,19518.84,3868.56,2026-06-17,2026-07-05
S26,semnat (AA30/ADD7 11.09.2026),ANIMA WINGS,OTP AYT OTP,A2 4268/4269,2026-06-27,137.0,176.0,24112.0,5556.72,2026-06-17,2026-07-05
S26,semnat (AA30/ADD7 11.09.2026),ANIMA WINGS,IAS AYT IAS,A2 4228/4229,2026-06-27,137.0,201.0,27537.0,4594.98,2026-06-17,2026-07-05
S26,semnat (AA30/ADD7 11.09.2026),ANIMA WINGS,OTP CHQ OTP,A2 4150/4151,2026-06-27,72.0,195.16,14051.52,3091.68,2026-06-17,2026-07-05
S26,semnat (AA30/ADD7 11.09.2026),CORENDON,SCV AYT SCV,CAI9022/9021,2026-06-28,169.0,186.78,31565.82,4608.63,2026-06-18,2026-07-05
S26,semnat (AA30/ADD7 11.09.2026),ANIMA WINGS,OTP PMI OTP,A2 4310/4311,2026-06-28,80.0,254.39,20351.2,2641.6,2026-06-18,2026-07-05
S26,semnat (AA30/ADD7 11.09.2026),ANIMA WINGS,IAS PMI IAS,A2 4318/4319,2026-06-28,120.0,275.73,33087.6,3120.0,2026-06-18,2026-07-05
S26,semnat (AA30/ADD7 11.09.2026),ANIMA WINGS,OTP AYT OTP,A2 4270/4271,2026-06-28,50.0,161.58,8079.0,2028.0,2026-06-18,2026-07-05
S26,semnat (AA30/ADD7 11.09.2026),ANIMA WINGS,OTP EFL OTP,A2 4140/4141,2026-06-28,90.0,162.28,14605.2,4048.2,2026-06-18,2026-07-05
S26,semnat (AA30/ADD7 11.09.2026),ANIMA WINGS,TSR PMI TSR,A2 4312/4313,2026-06-28,83.0,260.05,21584.15,2149.7,2026-06-18,2026-07-05
S26,semnat (AA30/ADD7 11.09.2026),ANIMA WINGS,OTP CFU OTP,A2 4102/4103,2026-06-28,87.0,165.23,14375.01,3879.33,2026-06-18,2026-07-05
S26,semnat (AA30/ADD7 11.09.2026),CORENDON,IAS AYT IAS,CAI9006/9005,2026-06-29,129.0,182.0,23478.0,4128.0,2026-06-19,2026-07-05
S26,semnat (AA30/ADD7 11.09.2026),CORENDON,CLJ AYT CLJ,CAI9002/9001,2026-06-29,100.0,196.5,19650.0,4120.0,2026-06-19,2026-07-05
S26,semnat (AA30/ADD7 11.09.2026),ANIMA WINGS,IAS HRG IAS,A2 4212/4213,2026-06-29,160.0,263.47777777777776,42156.44,7323.2,2026-06-19,2026-07-05
S26,semnat (AA30/ADD7 11.09.2026),ANIMA WINGS,CRA AYT CRA,A2 4294/4295,2026-06-29,80.0,161.40844444444446,12912.68,1899.2,2026-06-19,2026-07-05
S26,semnat (AA30/ADD7 11.09.2026),ANIMA WINGS,OTP AYT OTP,A2 4222/4223,2026-06-29,110.0,161.58,17773.8,4461.6,2026-06-19,2026-07-05
S26,semnat (AA30/ADD7 11.09.2026),ANIMA WINGS,OTP AYT OTP,A2 4220/4221,2026-06-29,160.0,161.58,25852.8,6489.6,2026-06-19,2026-07-05
S26,semnat (AA30/ADD7 11.09.2026),ANIMA WINGS,OTP AYT OTP,A2 4226/4227,2026-06-29,160.0,193.5,30960.0,6489.6,2026-06-19,2026-07-05
S26,semnat (AA30/ADD7 11.09.2026),ANIMA WINGS,OTP HRG OTP,A2 4104/4105,2026-06-29,180.0,240.19,41571.35,9136.73,2026-06-19,2026-07-05
S26,semnat (AA30/ADD7 11.09.2026),TAILWIND,BAY AYT BAY,TWI 414/413,2026-06-29,68.0,196.0,13328.0,1360.0,2026-06-19,2026-07-05
S26,semnat (AA30/ADD7 11.09.2026),TAILWIND,BCM AYT BCM,TWI 404/403,2026-06-29,78.0,173.0,13494.0,1833.0,2026-06-19,2026-07-05
S26,semnat (AA30/ADD7 11.09.2026),ANIMA WINGS,TSR AYT TSR,A2 4296/4297,2026-06-29,148.0,191.0,28268.0,4949.12,2026-06-19,2026-07-05
S26,semnat (AA30/ADD7 11.09.2026),ANIMA WINGS,GHV AYT GHV,A2 4224/4225,2026-06-29,128.0,182.02,23298.56,3013.12,2026-06-19,2026-07-05
S26,semnat (AA30/ADD7 11.09.2026),CORENDON,SBZ AYT SBZ,CAI9014/9013,2026-06-30,149.0,185.28,27606.72,3203.5,2026-06-20,2026-07-05
S26,semnat (AA30/ADD7 11.09.2026),ANIMA WINGS,OTP HER OTP,A2 4132/4133,2026-06-30,110.0,169.68355555555556,18665.19,3170.2,2026-06-20,2026-07-05
S26,semnat (AA30/ADD7 11.09.2026),ANIMA WINGS,IAS HER IAS,A2 4134/4135,2026-06-30,80.0,179.7055,14376.44,1744.0,2026-06-20,2026-07-05
S26,semnat (AA30/ADD7 11.09.2026),ANIMA WINGS,OTP RHO OTP,A2 4126/4127,2026-06-30,120.0,181.63116666666667,21795.74,5320.8,2026-06-20,2026-07-05
S26,semnat (AA30/ADD7 11.09.2026),FREEBIRD AIRLINES,OTP AYT OTP,FH 4238/4239,2026-06-30,180.0,186.0,33480.0,7200.0,2026-06-20,2026-07-05
S26,semnat (AA30/ADD7 11.09.2026),ANIMA WINGS,OTP MIR OTP,A2 4410/4411,2026-06-30,140.0,221.54,31015.6,7039.2,2026-06-20,2026-07-05
S26,semnat (AA30/ADD7 11.09.2026),ANIMA WINGS,GHV MIR GHV,A2 4414/4415,2026-06-30,100.0,221.54222222222222,22154.22,3326.0,2026-06-20,2026-07-05
S26,semnat (AA30/ADD7 11.09.2026),AEGEAN,CLJ RHO CLJ,A34305/4304,2026-06-30,44.0,174.54,7679.76,1995.4,2026-06-20,2026-07-05
S26,semnat (AA30/ADD7 11.09.2026),ANIMA WINGS,TSR HER TSR,A2 4138/4139,2026-06-30,98.0,190.1891891891892,18638.54,2126.6,2026-06-20,2026-07-05
S26,semnat (AA30/ADD7 11.09.2026),ANIMA WINGS,GHV HER GHV,A2 4144/4145,2026-06-30,118.0,201.88,23821.84,1392.4,2026-06-20,2026-07-05
S26,semnat (AA30/ADD7 11.09.2026),ANIMA WINGS,SBZ HER SBZ,A2 4154/4155,2026-06-30,80.0,200.18918918918922,16015.14,800.0,2026-06-20,2026-07-05
S26,semnat (AA30/ADD7 11.09.2026),TEZ/SKYEXPRESS,TGM HER TGM,GQ4813/12,2026-06-30,70.0,210.0,14700.0,665.0,2026-06-20,2026-07-05
S26,semnat (AA30/ADD7 11.09.2026),P45/AEGEAN,CLJ CHQ CLJ,A34557/4556,2026-06-30,50.0,182.0,9100.0,2197.5,2026-06-20,2026-07-05
S26,semnat (AA30/ADD7 11.09.2026),ANIMA WINGS,OTP AYT OTP,A2 4220/4221,2026-07-01,180.0,161.58,29084.4,7300.8,2026-06-21,2026-08-05
S26,semnat (AA30/ADD7 11.09.2026),ANIMA WINGS,OTP HER OTP,A2 4136/4137,2026-07-01,70.0,169.68,11877.6,2017.4,2026-06-21,2026-08-05
S26,semnat (AA30/ADD7 11.09.2026),ANIMA WINGS,CRA HER CRA,A2 4146/4147,2026-07-01,90.0,160.74,14466.6,1080.0,2026-06-21,2026-08-05
S26,semnat (AA30/ADD7 11.09.2026),ANIMA WINGS,TSR AYT TSR,A2 4292/4293,2026-07-01,48.0,191.0,9168.0,1605.12,2026-06-21,2026-08-05
S26,semnat (AA30/ADD7 11.09.2026),ANIMA WINGS,ARW AYT ARW,A2 4234/4235,2026-07-01,107.0,191.0,20437.0,2304.78,2026-06-21,2026-08-05
S26,semnat (AA30/ADD7 11.09.2026),P45/CORENDON,CND AYT CND,,2026-07-01,40.0,154.73,6189.2,880.0,2026-06-21,2026-08-05
S26,semnat (AA30/ADD7 11.09.2026),ANIMA WINGS,OTP ZTH OTP,A2 4116/4117,2026-07-02,160.0,165.47,26475.2,7134.4,2026-06-22,2026-08-05
S26,semnat (AA30/ADD7 11.09.2026),ANIMA WINGS,OTP HER OTP,A2 4148/4149,2026-07-02,100.0,169.68,16968.0,2882.0,2026-06-22,2026-08-05
S26,semnat (AA30/ADD7 11.09.2026),ANIMA WINGS,SCV HER SCV,A2 4158/4159,2026-07-02,90.0,205.97,18537.3,1062.0,2026-06-22,2026-08-05
S26,semnat (AA30/ADD7 11.09.2026),ANIMA WINGS,OTP EFL OTP,A2 4140/4141,2026-07-02,120.0,162.28,19473.6,5397.6,2026-06-22,2026-08-05
S26,semnat (AA30/ADD7 11.09.2026),FREEBIRD AIRLINES,OTP AYT OTP,FH 309/308,2026-07-02,160.0,180.0,28800.0,6400.0,2026-06-22,2026-08-05
S26,semnat (AA30/ADD7 11.09.2026),TAILWIND,GHV AYT GHV,TWI 408/407,2026-07-02,78.0,175.0,13650.0,1719.9,2026-06-22,2026-08-05
S26,semnat (AA30/ADD7 11.09.2026),ANIMA WINGS,TSR ZTH TSR,A2 4122/4123,2026-07-02,108.0,159.92,17271.36,4046.76,2026-06-22,2026-08-05
S26,semnat (AA30/ADD7 11.09.2026),ANIMA WINGS,CLJ ZTH CLJ,A2 4120/4121,2026-07-02,118.0,179.75,21210.5,4728.26,2026-06-22,2026-08-05
S26,semnat (AA30/ADD7 11.09.2026),ANIMA WINGS,TSR EFL TSR,A2 4160/4161,2026-07-02,118.0,173.64,20489.52,4467.48,2026-06-22,2026-08-05
S26,semnat (AA30/ADD7 11.09.2026),TEZ/SKYEXPRESS,BAY HER BAY,GQ4641/40,2026-07-02,60.0,212.0,12720.0,498.0,2026-06-22,2026-08-05
S26,semnat (AA30/ADD7 11.09.2026),AMARA/HISKY,CLJ PMI CLJ,H45407/5408,2026-07-02,40.0,247.0,9880.0,1260.0,2026-06-22,2026-08-05
S26,semnat (AA30/ADD7 11.09.2026),AMARA/HISKY,CLJ LCA CLJ,H45427/5428,2026-07-02,30.0,224.0,6720.0,1337.4,2026-06-22,2026-08-05
S26,semnat (AA30/ADD7 11.09.2026),CORENDON,SCV AYT SCV,CAI9018/9017,2026-07-03,120.0,186.78,22413.6,3272.4,2026-06-23,2026-08-05
S26,semnat (AA30/ADD7 11.09.2026),CORENDON,OMR AYT OMR,CAI9028/9027,2026-07-03,90.0,192.5,17325.0,1998.0,2026-06-23,2026-08-05
S26,semnat (AA30/ADD7 11.09.2026),CORENDON,BAY AYT BAY,CAI9020/9019,2026-07-03,119.0,196.28,23357.32,2380.0,2026-06-23,2026-08-05
S26,semnat (AA30/ADD7 11.09.2026),ANIMA WINGS,OTP AYT OTP,A2 4260/4261,2026-07-03,100.0,161.58,16158.0,4056.0,2026-06-23,2026-08-05
S26,semnat (AA30/ADD7 11.09.2026),ANIMA WINGS,OTP MIR OTP ,A2 4456/4457,2026-07-03,130.0,221.54,28800.2,6536.4,2026-06-23,2026-08-05
S26,semnat (AA30/ADD7 11.09.2026),ANIMA WINGS,CLJ MIR CLJ,A2 4420/4421,2026-07-03,150.0,197.78,29667.0,6864.0,2026-06-23,2026-08-05
S26,semnat (AA30/ADD7 11.09.2026),FREEBIRD AIRLINES,OTP AYT OTP,FH 311/310,2026-07-03,100.0,206.53,20653.0,4000.0,2026-06-23,2026-08-05
S26,semnat (AA30/ADD7 11.09.2026),FREEBIRD AIRLINES,GHV AYT GHV,FH 422/421,2026-07-03,150.0,192.0,28800.0,3450.0,2026-06-23,2026-08-05
S26,semnat (AA30/ADD7 11.09.2026),TAILWIND,TSR AYT TSR,TWI 410/409,2026-07-03,88.0,191.0,16808.0,2921.6,2026-06-23,2026-08-05
S26,semnat (AA30/ADD7 11.09.2026),TAILWIND,TGM AYT TGM,TWI 418/417,2026-07-03,80.0,189.0,15120.0,1696.0,2026-06-23,2026-08-05
S26,semnat (AA30/ADD7 11.09.2026),ANIMA WINGS,TSR CFU TSR,A2 4106/4107,2026-07-03,78.0,153.03,11936.34,2922.66,2026-06-23,2026-08-05
S26,semnat (AA30/ADD7 11.09.2026),ANIMA WINGS,TSR MIR TSR,A2 4418/4419,2026-07-03,128.0,207.42,26549.76,5524.48,2026-06-23,2026-08-05
S26,semnat (AA30/ADD7 11.09.2026),ANIMA WINGS,CRA MIR CRA,A2 4450/4451,2026-07-03,128.0,207.42,26549.76,4282.88,2026-06-23,2026-08-05
S26,semnat (AA30/ADD7 11.09.2026),ANIMA WINGS,OTP HRG OTP,A2 4206/4207,2026-07-04,160.0,240.19,38430.4,8446.4,2026-06-24,2026-08-05
S26,semnat (AA30/ADD7 11.09.2026),ANIMA WINGS,CLJ HRG CLJ,A2 4208/4209,2026-07-04,70.0,259.0,18130.0,3378.9,2026-06-24,2026-08-05
S26,semnat (AA30/ADD7 11.09.2026),FREEBIRD AIRLINES,CLJ AYT CLJ,FH 4236/4237,2026-07-04,180.0,225.0,40500.0,7423.2,2026-06-24,2026-08-05
S26,semnat (AA30/ADD7 11.09.2026),FREEBIRD AIRLINES,OTP BJV OTP,FH 4250/4251,2026-07-04,110.0,200.86,22094.6,4400.0,2026-06-24,2026-08-05
S26,semnat (AA30/ADD7 11.09.2026),FREEBIRD AIRLINES,OTP AYT OTP,FH 4272/4273,2026-07-04,150.0,192.0,28800.0,6000.0,2026-06-24,2026-08-05
S26,semnat (AA30/ADD7 11.09.2026),FREEBIRD AIRLINES,SBZ AYT SBZ,FH 679/680,2026-07-04,120.0,220.0,26400.0,2580.0,2026-06-24,2026-08-05
S26,semnat (AA30/ADD7 11.09.2026),ANIMA WINGS,TSR AYT TSR,A2 4298/4299,2026-07-04,148.0,191.0,28268.0,4949.12,2026-06-24,2026-08-05
S26,semnat (AA30/ADD7 11.09.2026),ANIMA WINGS,OTP HER OTP,A2 4132/4133,2026-07-04,118.0,180.73,21326.14,3400.76,2026-06-24,2026-08-05
S26,semnat (AA30/ADD7 11.09.2026),ANIMA WINGS,CLJ HER CLJ,A2 4142/4143,2026-07-04,118.0,200.19,23622.42,2867.4,2026-06-24,2026-08-05
S26,semnat (AA30/ADD7 11.09.2026),ANIMA WINGS,OTP RHO OTP,A2 4126/4127,2026-07-04,88.0,171.0,15048.0,3901.92,2026-06-24,2026-08-05
S26,semnat (AA30/ADD7 11.09.2026),ANIMA WINGS,TSR RHO TSR,A2 4128/4129,2026-07-04,68.0,184.78,12565.04,2530.96,2026-06-24,2026-08-05
S26,semnat (AA30/ADD7 11.09.2026),ANIMA WINGS,IAS RHO IAS,A2 4174/4175,2026-07-04,128.0,215.97,27644.16,4776.96,2026-06-24,2026-08-05
S26,semnat (AA30/ADD7 11.09.2026),ANIMA WINGS,CRA AYT CRA,A24294/4295,2026-07-04,148.0,182.18,26962.64,3513.52,2026-06-24,2026-08-05
S26,semnat (AA30/ADD7 11.09.2026),ANIMA WINGS,TSR CHQ TSR,A2 4152/4153,2026-07-04,108.0,180.73,19518.84,3868.56,2026-06-24,2026-08-05
S26,semnat (AA30/ADD7 11.09.2026),ANIMA WINGS,OTP AYT OTP,A2 4268/4269,2026-07-04,137.0,176.0,24112.0,5556.72,2026-06-24,2026-08-05
S26,semnat (AA30/ADD7 11.09.2026),ANIMA WINGS,IAS AYT IAS,A2 4228/4229,2026-07-04,137.0,201.0,27537.0,4594.98,2026-06-24,2026-08-05
S26,semnat (AA30/ADD7 11.09.2026),ANIMA WINGS,OTP CHQ OTP,A2 4150/4151,2026-07-04,72.0,195.16,14051.52,3091.68,2026-06-24,2026-08-05
S26,semnat (AA30/ADD7 11.09.2026),CORENDON,SCV AYT SCV,CAI9022/9021,2026-07-05,169.0,186.78,31565.82,4608.63,2026-06-25,2026-08-05
S26,semnat (AA30/ADD7 11.09.2026),ANIMA WINGS,OTP PMI OTP,A2 4310/4311,2026-07-05,80.0,254.39,20351.2,2641.6,2026-06-25,2026-08-05
S26,semnat (AA30/ADD7 11.09.2026),ANIMA WINGS,IAS PMI IAS,A2 4318/4319,2026-07-05,120.0,275.73,33087.6,3120.0,2026-06-25,2026-08-05
S26,semnat (AA30/ADD7 11.09.2026),FREEBIRD AIRLINES,OTP AYT OTP,FH 4270/4271,2026-07-05,100.0,205.53,20553.0,4000.0,2026-06-25,2026-08-05
S26,semnat (AA30/ADD7 11.09.2026),ANIMA WINGS,OTP EFL OTP,A2 4140/4141,2026-07-05,90.0,162.28,14605.2,4048.2,2026-06-25,2026-08-05
S26,semnat (AA30/ADD7 11.09.2026),ANIMA WINGS,TSR HRG TSR,A2 4408/4409,2026-07-05,118.0,286.9,33854.2,5389.06,2026-06-25,2026-08-05
S26,semnat (AA30/ADD7 11.09.2026),ANIMA WINGS,GHV HRG GHV ,A2 4100/4101,2026-07-05,98.0,266.0,26068.0,3505.46,2026-06-25,2026-08-05
S26,semnat (AA30/ADD7 11.09.2026),ANIMA WINGS,TSR PMI TSR,A2 4312/4313,2026-07-05,83.0,260.05,21584.15,2149.7,2026-06-25,2026-08-05
S26,semnat (AA30/ADD7 11.09.2026),ANIMA WINGS,OTP CFU OTP,A2 4102/4103,2026-07-05,87.0,165.23,14375.01,3879.33,2026-06-25,2026-08-05
S26,semnat (AA30/ADD7 11.09.2026),CORENDON,IAS AYT IAS,CAI9006/9005,2026-07-06,129.0,182.0,23478.0,4128.0,2026-06-26,2026-08-05
S26,semnat (AA30/ADD7 11.09.2026),CORENDON,CLJ AYT CLJ,CAI9002/9001,2026-07-06,100.0,196.5,19650.0,4120.0,2026-06-26,2026-08-05
S26,semnat (AA30/ADD7 11.09.2026),ANIMA WINGS,IAS HRG IAS,A2 4212/4213,2026-07-06,160.0,263.47777777777776,42156.44,7323.2,2026-06-26,2026-08-05
S26,semnat (AA30/ADD7 11.09.2026),ANIMA WINGS,CRA AYT CRA,A2 4294/4295,2026-07-06,80.0,161.40844444444446,12912.68,1899.2,2026-06-26,2026-08-05
S26,semnat (AA30/ADD7 11.09.2026),ANIMA WINGS,OTP AYT OTP,A2 4222/4223,2026-07-06,110.0,161.58,17773.8,4461.6,2026-06-26,2026-08-05
S26,semnat (AA30/ADD7 11.09.2026),ANIMA WINGS,OTP AYT OTP,A2 4220/4221,2026-07-06,160.0,161.58,25852.8,6489.6,2026-06-26,2026-08-05
S26,semnat (AA30/ADD7 11.09.2026),ANIMA WINGS,OTP HRG OTP,A2 4104/4105,2026-07-06,180.0,240.19,41571.35,9136.73,2026-06-26,2026-08-05
S26,semnat (AA30/ADD7 11.09.2026),TAILWIND,BAY AYT BAY,TWI 414/413,2026-07-06,68.0,196.0,13328.0,1360.0,2026-06-26,2026-08-05
S26,semnat (AA30/ADD7 11.09.2026),TAILWIND,BCM AYT BCM,TWI 404/403,2026-07-06,78.0,173.0,13494.0,1833.0,2026-06-26,2026-08-05
S26,semnat (AA30/ADD7 11.09.2026),ANIMA WINGS,TSR AYT TSR,A2 4296/4297,2026-07-06,148.0,191.0,28268.0,4949.12,2026-06-26,2026-08-05
S26,semnat (AA30/ADD7 11.09.2026),ANIMA WINGS,GHV AYT GHV,A2 4224/4225,2026-07-06,128.0,182.02,23298.56,3013.12,2026-06-26,2026-08-05
S26,semnat (AA30/ADD7 11.09.2026),CORENDON,SBZ AYT SBZ,CAI9014/9013,2026-07-07,149.0,185.28,27606.72,3203.5,2026-06-27,2026-08-05
S26,semnat (AA30/ADD7 11.09.2026),ANIMA WINGS,OTP HER OTP,A2 4132/4133,2026-07-07,110.0,169.68355555555556,18665.19,3170.2,2026-06-27,2026-08-05
S26,semnat (AA30/ADD7 11.09.2026),ANIMA WINGS,IAS HER IAS,A2 4134/4135,2026-07-07,80.0,179.7055,14376.44,1744.0,2026-06-27,2026-08-05
S26,semnat (AA30/ADD7 11.09.2026),ANIMA WINGS,OTP RHO OTP,A2 4126/4127,2026-07-07,120.0,181.63116666666667,21795.74,5320.8,2026-06-27,2026-08-05
S26,semnat (AA30/ADD7 11.09.2026),ANIMA WINGS,OTP AYT OTP,A2 4238/4239,2026-07-07,180.0,161.58,58168.8,14601.6,2026-06-27,2026-08-05
S26,semnat (AA30/ADD7 11.09.2026),ANIMA WINGS,OTP MIR OTP,A2 4410/4411,2026-07-07,140.0,221.54,31015.6,7039.2,2026-06-27,2026-08-05
S26,semnat (AA30/ADD7 11.09.2026),ANIMA WINGS,GHV MIR GHV,A2 4414/4415,2026-07-07,100.0,221.54222222222222,22154.22,3326.0,2026-06-27,2026-08-05
S26,semnat (AA30/ADD7 11.09.2026),AEGEAN,CLJ RHO CLJ,A34305/4304,2026-07-07,44.0,174.54,7679.76,1995.4,2026-06-27,2026-08-05
S26,semnat (AA30/ADD7 11.09.2026),ANIMA WINGS,TSR HER TSR,A2 4138/4139,2026-07-07,98.0,190.1891891891892,18638.54,2126.6,2026-06-27,2026-08-05
S26,semnat (AA30/ADD7 11.09.2026),ANIMA WINGS,GHV HER GHV,A2 4144/4145,2026-07-07,118.0,201.88,23821.84,1392.4,2026-06-27,2026-08-05
S26,semnat (AA30/ADD7 11.09.2026),ANIMA WINGS,SBZ HER SBZ,A2 4154/4155,2026-07-07,80.0,200.18918918918922,16015.14,800.0,2026-06-27,2026-08-05
S26,semnat (AA30/ADD7 11.09.2026),TEZ/SKYEXPRESS,TGM HER TGM,GQ4813/12,2026-07-07,70.0,200.0,14000.0,665.0,2026-06-27,2026-08-05
S26,semnat (AA30/ADD7 11.09.2026),P45/AEGEAN,CLJ CHQ CLJ,A34557/4556,2026-07-07,50.0,182.0,9100.0,2197.5,2026-06-27,2026-08-05
S26,semnat (AA30/ADD7 11.09.2026),ANIMA WINGS,OTP AYT OTP,A2 4220/4221,2026-07-08,180.0,161.58,29084.4,7300.8,2026-06-28,2026-08-05
S26,semnat (AA30/ADD7 11.09.2026),ANIMA WINGS,OTP HER OTP,A2 4136/4137,2026-07-08,70.0,169.68,11877.6,2017.4,2026-06-28,2026-08-05
S26,semnat (AA30/ADD7 11.09.2026),ANIMA WINGS,CRA HER CRA,A2 4146/4147,2026-07-08,90.0,160.74,14466.6,1080.0,2026-06-28,2026-08-05
S26,semnat (AA30/ADD7 11.09.2026),ANIMA WINGS,TSR AYT TSR,A2 4292/4293,2026-07-08,48.0,191.0,9168.0,1605.12,2026-06-28,2026-08-05
S26,semnat (AA30/ADD7 11.09.2026),ANIMA WINGS,ARW AYT ARW,A2 4234/4235,2026-07-08,107.0,191.0,20437.0,2304.78,2026-06-28,2026-08-05
S26,semnat (AA30/ADD7 11.09.2026),P45/CORENDON,CND AYT CND,,2026-07-08,40.0,154.73,6189.2,880.0,2026-06-28,2026-08-05
S26,semnat (AA30/ADD7 11.09.2026),ANIMA WINGS,OTP ZTH OTP,A2 4116/4117,2026-07-09,160.0,165.47,26475.2,7134.4,2026-06-29,2026-08-05
S26,semnat (AA30/ADD7 11.09.2026),ANIMA WINGS,OTP HER OTP,A2 4148/4149,2026-07-09,100.0,169.68,16968.0,2882.0,2026-06-29,2026-08-05
S26,semnat (AA30/ADD7 11.09.2026),ANIMA WINGS,SCV HER SCV,A2 4158/4159,2026-07-09,90.0,205.97,18537.3,1062.0,2026-06-29,2026-08-05
S26,semnat (AA30/ADD7 11.09.2026),ANIMA WINGS,OTP EFL OTP,A2 4140/4141,2026-07-09,120.0,162.28,19473.6,5397.6,2026-06-29,2026-08-05
S26,semnat (AA30/ADD7 11.09.2026),ANIMA WINGS,OTP AYT OTP,A2 4264/4265,2026-07-09,110.0,161.58,17773.8,4461.6,2026-06-29,2026-08-05
S26,semnat (AA30/ADD7 11.09.2026),TAILWIND,GHV AYT GHV,TWI 408/407,2026-07-09,78.0,175.0,13650.0,1719.9,2026-06-29,2026-08-05
S26,semnat (AA30/ADD7 11.09.2026),ANIMA WINGS,TSR ZTH TSR,A2 4122/4123,2026-07-09,108.0,159.92,17271.36,4046.76,2026-06-29,2026-08-05
S26,semnat (AA30/ADD7 11.09.2026),ANIMA WINGS,CLJ ZTH CLJ,A2 4120/4121,2026-07-09,118.0,179.75,21210.5,4728.26,2026-06-29,2026-08-05
S26,semnat (AA30/ADD7 11.09.2026),ANIMA WINGS,TSR EFL TSR,A2 4160/4161,2026-07-09,118.0,173.64,20489.52,4467.48,2026-06-29,2026-08-05
S26,semnat (AA30/ADD7 11.09.2026),TEZ/SKYEXPRESS,BAY HER BAY,GQ4641/40,2026-07-09,60.0,212.0,12720.0,498.0,2026-06-29,2026-08-05
S26,semnat (AA30/ADD7 11.09.2026),AMARA/HISKY,CLJ PMI CLJ,H45407/5408,2026-07-09,40.0,247.0,9880.0,1260.0,2026-06-29,2026-08-05
S26,semnat (AA30/ADD7 11.09.2026),AMARA/HISKY,CLJ LCA CLJ,H45427/5428,2026-07-09,30.0,224.0,6720.0,1337.4,2026-06-29,2026-08-05
S26,semnat (AA30/ADD7 11.09.2026),CORENDON,SCV AYT SCV,CAI9018/9017,2026-07-10,120.0,186.78,22413.6,3272.4,2026-06-30,2026-08-05
S26,semnat (AA30/ADD7 11.09.2026),CORENDON,OMR AYT OMR,CAI9028/9027,2026-07-10,90.0,192.5,17325.0,1998.0,2026-06-30,2026-08-05
S26,semnat (AA30/ADD7 11.09.2026),CORENDON,BAY AYT BAY,CAI9020/9019,2026-07-10,119.0,196.28,23357.32,2380.0,2026-06-30,2026-08-05
S26,semnat (AA30/ADD7 11.09.2026),ANIMA WINGS,OTP AYT OTP,A2 4260/4261,2026-07-10,100.0,161.58,16158.0,4056.0,2026-06-30,2026-08-05
S26,semnat (AA30/ADD7 11.09.2026),ANIMA WINGS,OTP MIR OTP ,A2 4456/4457,2026-07-10,130.0,221.54,28800.2,6536.4,2026-06-30,2026-08-05
S26,semnat (AA30/ADD7 11.09.2026),ANIMA WINGS,CLJ MIR CLJ,A2 4420/4421,2026-07-10,150.0,197.78,29667.0,6864.0,2026-06-30,2026-08-05
S26,semnat (AA30/ADD7 11.09.2026),ANIMA WINGS,OTP AYT OTP,A2 4258/4259,2026-07-10,100.0,161.58,16158.0,4056.0,2026-06-30,2026-08-05
S26,semnat (AA30/ADD7 11.09.2026),ANIMA WINGS,GHV AYT GHV,A2 4224/4225,2026-07-10,70.0,178.96,12527.2,1647.8,2026-06-30,2026-08-05
S26,semnat (AA30/ADD7 11.09.2026),TAILWIND,TSR AYT TSR,TWI 410/409,2026-07-10,88.0,191.0,16808.0,2921.6,2026-06-30,2026-08-05
S26,semnat (AA30/ADD7 11.09.2026),TAILWIND,TGM AYT TGM,TWI 418/417,2026-07-10,80.0,189.0,15120.0,1696.0,2026-06-30,2026-08-05
S26,semnat (AA30/ADD7 11.09.2026),ANIMA WINGS,TSR CFU TSR,A2 4106/4107,2026-07-10,78.0,153.03,11936.34,2922.66,2026-06-30,2026-08-05
S26,semnat (AA30/ADD7 11.09.2026),ANIMA WINGS,TSR MIR TSR,A2 4418/4419,2026-07-10,128.0,207.42,26549.76,5524.48,2026-06-30,2026-08-05
S26,semnat (AA30/ADD7 11.09.2026),ANIMA WINGS,CRA MIR CRA,A2 4450/4451,2026-07-10,128.0,207.42,26549.76,4282.88,2026-06-30,2026-08-05
S26,semnat (AA30/ADD7 11.09.2026),ANIMA WINGS,OTP HRG OTP,A2 4206/4207,2026-07-11,160.0,240.19,38430.4,8446.4,2026-07-01,2026-08-05
S26,semnat (AA30/ADD7 11.09.2026),ANIMA WINGS,CLJ HRG CLJ,A2 4208/4209,2026-07-11,70.0,259.0,18130.0,3378.9,2026-07-01,2026-08-05
S26,semnat (AA30/ADD7 11.09.2026),ANIMA WINGS,CLJ AYT CLJ,A2 4236/4237,2026-07-11,160.0,183.35,29336.0,5766.4,2026-07-01,2026-08-05
S26,semnat (AA30/ADD7 11.09.2026),ANIMA WINGS,OTP BJV OTP,A2 4250/4251,2026-07-11,90.0,157.52,14176.8,3650.4,2026-07-01,2026-08-05
S26,semnat (AA30/ADD7 11.09.2026),ANIMA WINGS,OTP AYT OTP,A2 4272/4273,2026-07-11,100.0,161.58,16158.0,4056.0,2026-07-01,2026-08-05
S26,semnat (AA30/ADD7 11.09.2026),FREEBIRD AIRLINES,SBZ AYT SBZ,FH 679/680,2026-07-11,120.0,220.0,26400.0,2580.0,2026-07-01,2026-08-05
S26,semnat (AA30/ADD7 11.09.2026),ANIMA WINGS,TSR AYT TSR,A2 4298/4299,2026-07-11,148.0,191.0,28268.0,4949.12,2026-07-01,2026-08-05
S26,semnat (AA30/ADD7 11.09.2026),ANIMA WINGS,OTP HER OTP,A2 4132/4133,2026-07-11,118.0,180.73,21326.14,3400.76,2026-07-01,2026-08-05
S26,semnat (AA30/ADD7 11.09.2026),ANIMA WINGS,CLJ HER CLJ,A2 4142/4143,2026-07-11,118.0,200.19,23622.42,2867.4,2026-07-01,2026-08-05
S26,semnat (AA30/ADD7 11.09.2026),ANIMA WINGS,OTP RHO OTP,A2 4126/4127,2026-07-11,88.0,171.0,15048.0,3901.92,2026-07-01,2026-08-05
S26,semnat (AA30/ADD7 11.09.2026),ANIMA WINGS,TSR RHO TSR,A2 4128/4129,2026-07-11,68.0,184.78,12565.04,2530.96,2026-07-01,2026-08-05
S26,semnat (AA30/ADD7 11.09.2026),ANIMA WINGS,IAS RHO IAS,A2 4174/4175,2026-07-11,128.0,215.97,27644.16,4776.96,2026-07-01,2026-08-05
S26,semnat (AA30/ADD7 11.09.2026),ANIMA WINGS,CRA AYT CRA,A24294/4295,2026-07-11,148.0,182.18,26962.64,3513.52,2026-07-01,2026-08-05
S26,semnat (AA30/ADD7 11.09.2026),ANIMA WINGS,TSR CHQ TSR,A2 4152/4153,2026-07-11,108.0,180.73,19518.84,3868.56,2026-07-01,2026-08-05
S26,semnat (AA30/ADD7 11.09.2026),ANIMA WINGS,OTP AYT OTP,A2 4268/4269,2026-07-11,137.0,176.0,24112.0,5556.72,2026-07-01,2026-08-05
S26,semnat (AA30/ADD7 11.09.2026),ANIMA WINGS,IAS AYT IAS,A2 4228/4229,2026-07-11,137.0,201.0,27537.0,4594.98,2026-07-01,2026-08-05
S26,semnat (AA30/ADD7 11.09.2026),ANIMA WINGS,OTP CHQ OTP,A2 4150/4151,2026-07-11,72.0,195.16,14051.52,3091.68,2026-07-01,2026-08-05
S26,semnat (AA30/ADD7 11.09.2026),CORENDON,SCV AYT SCV,CAI9022/9021,2026-07-12,169.0,186.78,31565.82,4608.63,2026-07-02,2026-08-05
S26,semnat (AA30/ADD7 11.09.2026),ANIMA WINGS,OTP PMI OTP,A2 4310/4311,2026-07-12,80.0,254.39,20351.2,2641.6,2026-07-02,2026-08-05
S26,semnat (AA30/ADD7 11.09.2026),ANIMA WINGS,IAS PMI IAS,A2 4318/4319,2026-07-12,120.0,275.73,33087.6,3120.0,2026-07-02,2026-08-05
S26,semnat (AA30/ADD7 11.09.2026),ANIMA WINGS,OTP AYT OTP,A2 4270/4271,2026-07-12,50.0,161.58,8079.0,2028.0,2026-07-02,2026-08-05
S26,semnat (AA30/ADD7 11.09.2026),ANIMA WINGS,OTP EFL OTP,A2 4140/4141,2026-07-12,90.0,162.28,14605.2,4048.2,2026-07-02,2026-08-05
S26,semnat (AA30/ADD7 11.09.2026),ANIMA WINGS,TSR HRG TSR,A2 4408/4409,2026-07-12,118.0,286.9,33854.2,5389.06,2026-07-02,2026-08-05
S26,semnat (AA30/ADD7 11.09.2026),ANIMA WINGS,GHV HRG GHV ,A2 4100/4101,2026-07-12,98.0,266.0,26068.0,3505.46,2026-07-02,2026-08-05
S26,semnat (AA30/ADD7 11.09.2026),ANIMA WINGS,TSR PMI TSR,A2 4312/4313,2026-07-12,83.0,260.05,21584.15,2149.7,2026-07-02,2026-08-05
S26,semnat (AA30/ADD7 11.09.2026),ANIMA WINGS,OTP CFU OTP,A2 4102/4103,2026-07-12,87.0,165.23,14375.01,3879.33,2026-07-02,2026-08-05
S26,semnat (AA30/ADD7 11.09.2026),CORENDON,IAS AYT IAS,CAI9006/9005,2026-07-13,129.0,182.0,23478.0,4128.0,2026-07-03,2026-08-05
S26,semnat (AA30/ADD7 11.09.2026),CORENDON,CLJ AYT CLJ,CAI9002/9001,2026-07-13,100.0,196.5,19650.0,4120.0,2026-07-03,2026-08-05
S26,semnat (AA30/ADD7 11.09.2026),ANIMA WINGS,IAS HRG IAS,A2 4212/4213,2026-07-13,160.0,263.47777777777776,42156.44,7323.2,2026-07-03,2026-08-05
S26,semnat (AA30/ADD7 11.09.2026),ANIMA WINGS,CRA AYT CRA,A2 4294/4295,2026-07-13,80.0,161.40844444444446,12912.68,1899.2,2026-07-03,2026-08-05
S26,semnat (AA30/ADD7 11.09.2026),ANIMA WINGS,OTP AYT OTP,A2 4222/4223,2026-07-13,110.0,161.58,17773.8,4461.6,2026-07-03,2026-08-05
S26,semnat (AA30/ADD7 11.09.2026),ANIMA WINGS,OTP HRG OTP,A2 4104/4105,2026-07-13,180.0,240.19,41571.35,9136.73,2026-07-03,2026-08-05
S26,semnat (AA30/ADD7 11.09.2026),TAILWIND,BAY AYT BAY,TWI 414/413,2026-07-13,68.0,196.0,13328.0,1360.0,2026-07-03,2026-08-05
S26,semnat (AA30/ADD7 11.09.2026),TAILWIND,BCM AYT BCM,TWI 404/403,2026-07-13,78.0,173.0,13494.0,1833.0,2026-07-03,2026-08-05
S26,semnat (AA30/ADD7 11.09.2026),ANIMA WINGS,TSR AYT TSR,A2 4296/4297,2026-07-13,148.0,191.0,28268.0,4949.12,2026-07-03,2026-08-05
S26,semnat (AA30/ADD7 11.09.2026),ANIMA WINGS,GHV AYT GHV,A2 4224/4225,2026-07-13,128.0,182.02,23298.56,3013.12,2026-07-03,2026-08-05
S26,semnat (AA30/ADD7 11.09.2026),CORENDON,SBZ AYT SBZ,CAI9014/9013,2026-07-14,149.0,185.28,27606.72,3203.5,2026-07-04,2026-08-05
S26,semnat (AA30/ADD7 11.09.2026),ANIMA WINGS,OTP HER OTP,A2 4132/4133,2026-07-14,110.0,169.68355555555556,18665.19,3170.2,2026-07-04,2026-08-05
S26,semnat (AA30/ADD7 11.09.2026),ANIMA WINGS,IAS HER IAS,A2 4134/4135,2026-07-14,80.0,179.7055,14376.44,1744.0,2026-07-04,2026-08-05
S26,semnat (AA30/ADD7 11.09.2026),ANIMA WINGS,OTP RHO OTP,A2 4126/4127,2026-07-14,120.0,181.63116666666667,21795.74,5320.8,2026-07-04,2026-08-05
S26,semnat (AA30/ADD7 11.09.2026),ANIMA WINGS,OTP MIR OTP,A2 4410/4411,2026-07-14,140.0,221.54,31015.6,7039.2,2026-07-04,2026-08-05
S26,semnat (AA30/ADD7 11.09.2026),ANIMA WINGS,GHV MIR GHV,A2 4414/4415,2026-07-14,100.0,221.54222222222222,22154.22,3326.0,2026-07-04,2026-08-05
S26,semnat (AA30/ADD7 11.09.2026),AEGEAN,CLJ RHO CLJ,A34305/4304,2026-07-14,44.0,174.54,7679.76,1995.4,2026-07-04,2026-08-05
S26,semnat (AA30/ADD7 11.09.2026),ANIMA WINGS,TSR HER TSR,A2 4138/4139,2026-07-14,98.0,190.1891891891892,18638.54,2126.6,2026-07-04,2026-08-05
S26,semnat (AA30/ADD7 11.09.2026),ANIMA WINGS,GHV HER GHV,A2 4144/4145,2026-07-14,118.0,201.88,23821.84,1392.4,2026-07-04,2026-08-05
S26,semnat (AA30/ADD7 11.09.2026),ANIMA WINGS,SBZ HER SBZ,A2 4154/4155,2026-07-14,80.0,200.18918918918922,16015.14,800.0,2026-07-04,2026-08-05
S26,semnat (AA30/ADD7 11.09.2026),TEZ/SKYEXPRESS,TGM HER TGM,GQ4813/12,2026-07-14,70.0,200.0,14000.0,665.0,2026-07-04,2026-08-05
S26,semnat (AA30/ADD7 11.09.2026),P45/AEGEAN,CLJ CHQ CLJ,A34557/4556,2026-07-14,50.0,182.0,9100.0,2197.5,2026-07-04,2026-08-05
S26,semnat (AA30/ADD7 11.09.2026),ANIMA WINGS,OTP AYT OTP,A2 4220/4221,2026-07-15,180.0,161.58,29084.4,7300.8,2026-07-05,2026-08-05
S26,semnat (AA30/ADD7 11.09.2026),ANIMA WINGS,OTP HER OTP,A2 4136/4137,2026-07-15,70.0,169.68,11877.6,2017.4,2026-07-05,2026-08-05
S26,semnat (AA30/ADD7 11.09.2026),ANIMA WINGS,CRA HER CRA,A2 4146/4147,2026-07-15,90.0,160.74,14466.6,1080.0,2026-07-05,2026-08-05
S26,semnat (AA30/ADD7 11.09.2026),ANIMA WINGS,TSR AYT TSR,A2 4292/4293,2026-07-15,48.0,191.0,9168.0,1605.12,2026-07-05,2026-08-05
S26,semnat (AA30/ADD7 11.09.2026),ANIMA WINGS,ARW AYT ARW,A2 4234/4235,2026-07-15,107.0,191.0,20437.0,2304.78,2026-07-05,2026-08-05
S26,semnat (AA30/ADD7 11.09.2026),P45/CORENDON,CND AYT CND,,2026-07-15,40.0,154.73,6189.2,880.0,2026-07-05,2026-08-05
S26,semnat (AA30/ADD7 11.09.2026),ANIMA WINGS,OTP ZTH OTP,A2 4116/4117,2026-07-16,160.0,165.47,26475.2,7134.4,2026-07-06,2026-08-05
S26,semnat (AA30/ADD7 11.09.2026),ANIMA WINGS,OTP HER OTP,A2 4148/4149,2026-07-16,100.0,169.68,16968.0,2882.0,2026-07-06,2026-08-05
S26,semnat (AA30/ADD7 11.09.2026),ANIMA WINGS,SCV HER SCV,A2 4158/4159,2026-07-16,90.0,205.97,18537.3,1062.0,2026-07-06,2026-08-05
S26,semnat (AA30/ADD7 11.09.2026),ANIMA WINGS,OTP EFL OTP,A2 4140/4141,2026-07-16,120.0,162.28,19473.6,5397.6,2026-07-06,2026-08-05
S26,semnat (AA30/ADD7 11.09.2026),ANIMA WINGS,OTP AYT OTP,A2 4264/4265,2026-07-16,110.0,161.58,17773.8,4461.6,2026-07-06,2026-08-05
S26,semnat (AA30/ADD7 11.09.2026),TAILWIND,GHV AYT GHV,TWI 408/407,2026-07-16,78.0,175.0,13650.0,1719.9,2026-07-06,2026-08-05
S26,semnat (AA30/ADD7 11.09.2026),ANIMA WINGS,TSR ZTH TSR,A2 4122/4123,2026-07-16,108.0,159.92,17271.36,4046.76,2026-07-06,2026-08-05
S26,semnat (AA30/ADD7 11.09.2026),ANIMA WINGS,CLJ ZTH CLJ,A2 4120/4121,2026-07-16,118.0,179.75,21210.5,4728.26,2026-07-06,2026-08-05
S26,semnat (AA30/ADD7 11.09.2026),ANIMA WINGS,TSR EFL TSR,A2 4160/4161,2026-07-16,118.0,173.64,20489.52,4467.48,2026-07-06,2026-08-05
S26,semnat (AA30/ADD7 11.09.2026),TEZ/SKYEXPRESS,BAY HER BAY,GQ4641/40,2026-07-16,60.0,212.0,12720.0,498.0,2026-07-06,2026-08-05
S26,semnat (AA30/ADD7 11.09.2026),AMARA/HISKY,CLJ PMI CLJ,H45407/5408,2026-07-16,40.0,247.0,9880.0,1260.0,2026-07-06,2026-08-05
S26,semnat (AA30/ADD7 11.09.2026),AMARA/HISKY,CLJ LCA CLJ,H45427/5428,2026-07-16,30.0,224.0,6720.0,1337.4,2026-07-06,2026-08-05
S26,semnat (AA30/ADD7 11.09.2026),CORENDON,SCV AYT SCV,CAI9018/9017,2026-07-17,120.0,186.78,22413.6,3272.4,2026-07-07,2026-08-05
S26,semnat (AA30/ADD7 11.09.2026),CORENDON,OMR AYT OMR,CAI9028/9027,2026-07-17,90.0,192.5,17325.0,1998.0,2026-07-07,2026-08-05
S26,semnat (AA30/ADD7 11.09.2026),CORENDON,BAY AYT BAY,CAI9020/9019,2026-07-17,119.0,196.28,23357.32,2380.0,2026-07-07,2026-08-05
S26,semnat (AA30/ADD7 11.09.2026),ANIMA WINGS,OTP AYT OTP,A2 4260/4261,2026-07-17,100.0,161.58,16158.0,4056.0,2026-07-07,2026-08-05
S26,semnat (AA30/ADD7 11.09.2026),ANIMA WINGS,OTP MIR OTP ,A2 4456/4457,2026-07-17,130.0,221.54,28800.2,6536.4,2026-07-07,2026-08-05
S26,semnat (AA30/ADD7 11.09.2026),ANIMA WINGS,CLJ MIR CLJ,A2 4420/4421,2026-07-17,150.0,197.78,29667.0,6864.0,2026-07-07,2026-08-05
S26,semnat (AA30/ADD7 11.09.2026),ANIMA WINGS,GHV AYT GHV,A2 4224/4225,2026-07-17,70.0,178.96,12527.2,1647.8,2026-07-07,2026-08-05
S26,semnat (AA30/ADD7 11.09.2026),TAILWIND,TSR AYT TSR,TWI 410/409,2026-07-17,88.0,191.0,16808.0,2921.6,2026-07-07,2026-08-05
S26,semnat (AA30/ADD7 11.09.2026),TAILWIND,TGM AYT TGM,TWI 418/417,2026-07-17,80.0,189.0,15120.0,1696.0,2026-07-07,2026-08-05
S26,semnat (AA30/ADD7 11.09.2026),ANIMA WINGS,TSR CFU TSR,A2 4106/4107,2026-07-17,78.0,153.03,11936.34,2922.66,2026-07-07,2026-08-05
S26,semnat (AA30/ADD7 11.09.2026),ANIMA WINGS,TSR MIR TSR,A2 4418/4419,2026-07-17,128.0,207.42,26549.76,5524.48,2026-07-07,2026-08-05
S26,semnat (AA30/ADD7 11.09.2026),ANIMA WINGS,CRA MIR CRA,A2 4450/4451,2026-07-17,128.0,207.42,26549.76,4282.88,2026-07-07,2026-08-05
S26,semnat (AA30/ADD7 11.09.2026),ANIMA WINGS,OTP HRG OTP,A2 4206/4207,2026-07-18,160.0,240.19,38430.4,8446.4,2026-07-08,2026-08-05
S26,semnat (AA30/ADD7 11.09.2026),ANIMA WINGS,CLJ HRG CLJ,A2 4208/4209,2026-07-18,70.0,259.0,18130.0,3378.9,2026-07-08,2026-08-05
S26,semnat (AA30/ADD7 11.09.2026),ANIMA WINGS,CLJ AYT CLJ,A2 4236/4237,2026-07-18,160.0,183.35,29336.0,5766.4,2026-07-08,2026-08-05
S26,semnat (AA30/ADD7 11.09.2026),ANIMA WINGS,OTP BJV OTP,A2 4250/4251,2026-07-18,90.0,157.52,14176.8,3650.4,2026-07-08,2026-08-05
S26,semnat (AA30/ADD7 11.09.2026),ANIMA WINGS,OTP AYT OTP,A2 4272/4273,2026-07-18,100.0,161.58,16158.0,4056.0,2026-07-08,2026-08-05
S26,semnat (AA30/ADD7 11.09.2026),ANIMA WINGS,TSR AYT TSR,A2 4298/4299,2026-07-18,148.0,191.0,28268.0,4949.12,2026-07-08,2026-08-05
S26,semnat (AA30/ADD7 11.09.2026),ANIMA WINGS,OTP HER OTP,A2 4132/4133,2026-07-18,118.0,180.73,21326.14,3400.76,2026-07-08,2026-08-05
S26,semnat (AA30/ADD7 11.09.2026),ANIMA WINGS,CLJ HER CLJ,A2 4142/4143,2026-07-18,118.0,200.19,23622.42,2867.4,2026-07-08,2026-08-05
S26,semnat (AA30/ADD7 11.09.2026),ANIMA WINGS,OTP RHO OTP,A2 4126/4127,2026-07-18,88.0,171.0,15048.0,3901.92,2026-07-08,2026-08-05
S26,semnat (AA30/ADD7 11.09.2026),ANIMA WINGS,TSR RHO TSR,A2 4128/4129,2026-07-18,68.0,184.78,12565.04,2530.96,2026-07-08,2026-08-05
S26,semnat (AA30/ADD7 11.09.2026),ANIMA WINGS,IAS RHO IAS,A2 4174/4175,2026-07-18,128.0,215.97,27644.16,4776.96,2026-07-08,2026-08-05
S26,semnat (AA30/ADD7 11.09.2026),ANIMA WINGS,CRA AYT CRA,A24294/4295,2026-07-18,148.0,182.18,26962.64,3513.52,2026-07-08,2026-08-05
S26,semnat (AA30/ADD7 11.09.2026),ANIMA WINGS,TSR CHQ TSR,A2 4152/4153,2026-07-18,108.0,180.73,19518.84,3868.56,2026-07-08,2026-08-05
S26,semnat (AA30/ADD7 11.09.2026),ANIMA WINGS,OTP AYT OTP,A2 4268/4269,2026-07-18,137.0,176.0,24112.0,5556.72,2026-07-08,2026-08-05
S26,semnat (AA30/ADD7 11.09.2026),ANIMA WINGS,IAS AYT IAS,A2 4228/4229,2026-07-18,137.0,201.0,27537.0,4594.98,2026-07-08,2026-08-05
S26,semnat (AA30/ADD7 11.09.2026),ANIMA WINGS,OTP CHQ OTP,A2 4150/4151,2026-07-18,72.0,195.16,14051.52,3091.68,2026-07-08,2026-08-05
S26,semnat (AA30/ADD7 11.09.2026),CORENDON,SCV AYT SCV,CAI9022/9021,2026-07-19,169.0,186.78,31565.82,4608.63,2026-07-09,2026-08-05
S26,semnat (AA30/ADD7 11.09.2026),ANIMA WINGS,OTP PMI OTP,A2 4310/4311,2026-07-19,80.0,254.39,20351.2,2641.6,2026-07-09,2026-08-05
S26,semnat (AA30/ADD7 11.09.2026),ANIMA WINGS,IAS PMI IAS,A2 4318/4319,2026-07-19,120.0,275.73,33087.6,3120.0,2026-07-09,2026-08-05
S26,semnat (AA30/ADD7 11.09.2026),TAILWIND,OTP AYT OTP,TWI 555/556,2026-07-19,88.0,219.33,19301.04,3548.16,2026-07-09,2026-08-05
S26,semnat (AA30/ADD7 11.09.2026),ANIMA WINGS,OTP EFL OTP,A2 4140/4141,2026-07-19,90.0,162.28,14605.2,4048.2,2026-07-09,2026-08-05
S26,semnat (AA30/ADD7 11.09.2026),ANIMA WINGS,TSR HRG TSR,A2 4408/4409,2026-07-19,118.0,286.9,33854.2,5389.06,2026-07-09,2026-08-05
S26,semnat (AA30/ADD7 11.09.2026),ANIMA WINGS,TSR PMI TSR,A2 4312/4313,2026-07-19,83.0,260.05,21584.15,2149.7,2026-07-09,2026-08-05
S26,semnat (AA30/ADD7 11.09.2026),ANIMA WINGS,OTP CFU OTP,A2 4102/4103,2026-07-19,87.0,165.23,14375.01,3879.33,2026-07-09,2026-08-05
S26,semnat (AA30/ADD7 11.09.2026),CORENDON,IAS AYT IAS,CAI9006/9005,2026-07-20,129.0,182.0,23478.0,4128.0,2026-07-10,2026-08-05
S26,semnat (AA30/ADD7 11.09.2026),CORENDON,CLJ AYT CLJ,CAI9002/9001,2026-07-20,100.0,196.5,19650.0,4120.0,2026-07-10,2026-08-05
S26,semnat (AA30/ADD7 11.09.2026),ANIMA WINGS,IAS HRG IAS,A2 4212/4213,2026-07-20,160.0,263.47777777777776,42156.44,7323.2,2026-07-10,2026-08-05
S26,semnat (AA30/ADD7 11.09.2026),ANIMA WINGS,CRA AYT CRA,A2 4294/4295,2026-07-20,80.0,161.40844444444446,12912.68,1899.2,2026-07-10,2026-08-05
S26,semnat (AA30/ADD7 11.09.2026),ANIMA WINGS,OTP AYT OTP,A2 4222/4223,2026-07-20,110.0,161.58,17773.8,4461.6,2026-07-10,2026-08-05
S26,semnat (AA30/ADD7 11.09.2026),ANIMA WINGS,OTP HRG OTP,A2 4104/4105,2026-07-20,180.0,240.19,41571.35,9136.73,2026-07-10,2026-08-05
S26,semnat (AA30/ADD7 11.09.2026),TAILWIND,BAY AYT BAY,TWI 414/413,2026-07-20,68.0,196.0,13328.0,1360.0,2026-07-10,2026-08-05
S26,semnat (AA30/ADD7 11.09.2026),TAILWIND,BCM AYT BCM,TWI 404/403,2026-07-20,78.0,173.0,13494.0,1833.0,2026-07-10,2026-08-05
S26,semnat (AA30/ADD7 11.09.2026),ANIMA WINGS,TSR AYT TSR,A2 4296/4297,2026-07-20,148.0,191.0,28268.0,4949.12,2026-07-10,2026-08-05
S26,semnat (AA30/ADD7 11.09.2026),ANIMA WINGS,GHV AYT GHV,A2 4224/4225,2026-07-20,128.0,182.02,23298.56,3013.12,2026-07-10,2026-08-05
S26,semnat (AA30/ADD7 11.09.2026),CORENDON,SBZ AYT SBZ,CAI9014/9013,2026-07-21,149.0,185.28,27606.72,3203.5,2026-07-11,2026-08-05
S26,semnat (AA30/ADD7 11.09.2026),ANIMA WINGS,OTP HER OTP,A2 4132/4133,2026-07-21,110.0,169.68355555555556,18665.19,3170.2,2026-07-11,2026-08-05
S26,semnat (AA30/ADD7 11.09.2026),ANIMA WINGS,IAS HER IAS,A2 4134/4135,2026-07-21,80.0,179.7055,14376.44,1744.0,2026-07-11,2026-08-05
S26,semnat (AA30/ADD7 11.09.2026),ANIMA WINGS,OTP RHO OTP,A2 4126/4127,2026-07-21,120.0,181.63116666666667,21795.74,5320.8,2026-07-11,2026-08-05
S26,semnat (AA30/ADD7 11.09.2026),TAILWIND,OTP AYT OTP,TWI 555/556,2026-07-21,168.0,199.0,33432.0,6773.76,2026-07-11,2026-08-05
S26,semnat (AA30/ADD7 11.09.2026),ANIMA WINGS,OTP MIR OTP,A2 4410/4411,2026-07-21,140.0,221.54,31015.6,7039.2,2026-07-11,2026-08-05
S26,semnat (AA30/ADD7 11.09.2026),ANIMA WINGS,GHV MIR GHV,A2 4414/4415,2026-07-21,100.0,221.54222222222222,22154.22,3326.0,2026-07-11,2026-08-05
S26,semnat (AA30/ADD7 11.09.2026),AEGEAN,CLJ RHO CLJ,A34305/4304,2026-07-21,44.0,174.54,7679.76,1995.4,2026-07-11,2026-08-05
S26,semnat (AA30/ADD7 11.09.2026),ANIMA WINGS,TSR HER TSR,A2 4138/4139,2026-07-21,98.0,190.1891891891892,18638.54,2126.6,2026-07-11,2026-08-05
S26,semnat (AA30/ADD7 11.09.2026),ANIMA WINGS,GHV HER GHV,A2 4144/4145,2026-07-21,118.0,201.88,23821.84,1392.4,2026-07-11,2026-08-05
S26,semnat (AA30/ADD7 11.09.2026),ANIMA WINGS,SBZ HER SBZ,A2 4154/4155,2026-07-21,80.0,200.18918918918922,16015.14,800.0,2026-07-11,2026-08-05
S26,semnat (AA30/ADD7 11.09.2026),TEZ/SKYEXPRESS,TGM HER TGM,GQ4813/12,2026-07-21,70.0,200.0,14000.0,665.0,2026-07-11,2026-08-05
S26,semnat (AA30/ADD7 11.09.2026),P45/AEGEAN,CLJ CHQ CLJ,A34557/4556,2026-07-21,50.0,182.0,9100.0,2197.5,2026-07-11,2026-08-05
S26,semnat (AA30/ADD7 11.09.2026),ANIMA WINGS,OTP AYT OTP,A2 4220/4221,2026-07-22,180.0,161.58,29084.4,7300.8,2026-07-12,2026-08-05
S26,semnat (AA30/ADD7 11.09.2026),ANIMA WINGS,OTP HER OTP,A2 4136/4137,2026-07-22,70.0,169.68,11877.6,2017.4,2026-07-12,2026-08-05
S26,semnat (AA30/ADD7 11.09.2026),ANIMA WINGS,CRA HER CRA,A2 4146/4147,2026-07-22,90.0,160.74,14466.6,1080.0,2026-07-12,2026-08-05
S26,semnat (AA30/ADD7 11.09.2026),ANIMA WINGS,TSR AYT TSR,A2 4292/4293,2026-07-22,48.0,191.0,9168.0,1605.12,2026-07-12,2026-08-05
S26,semnat (AA30/ADD7 11.09.2026),ANIMA WINGS,ARW AYT ARW,A2 4234/4235,2026-07-22,107.0,191.0,20437.0,2304.78,2026-07-12,2026-08-05
S26,semnat (AA30/ADD7 11.09.2026),P45/CORENDON,CND AYT CND,,2026-07-22,40.0,154.73,6189.2,880.0,2026-07-12,2026-08-05
S26,semnat (AA30/ADD7 11.09.2026),ANIMA WINGS,OTP ZTH OTP,A2 4116/4117,2026-07-23,160.0,165.47,26475.2,7134.4,2026-07-13,2026-08-05
S26,semnat (AA30/ADD7 11.09.2026),ANIMA WINGS,OTP HER OTP,A2 4148/4149,2026-07-23,100.0,169.68,16968.0,2882.0,2026-07-13,2026-08-05
S26,semnat (AA30/ADD7 11.09.2026),ANIMA WINGS,SCV HER SCV,A2 4158/4159,2026-07-23,90.0,205.97,18537.3,1062.0,2026-07-13,2026-08-05
S26,semnat (AA30/ADD7 11.09.2026),ANIMA WINGS,OTP EFL OTP,A2 4140/4141,2026-07-23,120.0,162.28,19473.6,5397.6,2026-07-13,2026-08-05
S26,semnat (AA30/ADD7 11.09.2026),TAILWIND,OTP AYT OTP,TWI 555/556,2026-07-23,148.0,203.38,30100.24,5967.36,2026-07-13,2026-08-05
S26,semnat (AA30/ADD7 11.09.2026),TAILWIND,GHV AYT GHV,TWI 408/407,2026-07-23,78.0,175.0,13650.0,1719.9,2026-07-13,2026-08-05
S26,semnat (AA30/ADD7 11.09.2026),ANIMA WINGS,TSR ZTH TSR,A2 4122/4123,2026-07-23,108.0,159.92,17271.36,4046.76,2026-07-13,2026-08-05
S26,semnat (AA30/ADD7 11.09.2026),ANIMA WINGS,CLJ ZTH CLJ,A2 4120/4121,2026-07-23,118.0,179.75,21210.5,4728.26,2026-07-13,2026-08-05
S26,semnat (AA30/ADD7 11.09.2026),ANIMA WINGS,TSR EFL TSR,A2 4160/4161,2026-07-23,118.0,173.64,20489.52,4467.48,2026-07-13,2026-08-05
S26,semnat (AA30/ADD7 11.09.2026),TEZ/SKYEXPRESS,BAY HER BAY,GQ4641/40,2026-07-23,60.0,212.0,12720.0,498.0,2026-07-13,2026-08-05
S26,semnat (AA30/ADD7 11.09.2026),AMARA/HISKY,CLJ PMI CLJ,H45407/5408,2026-07-23,40.0,247.0,9880.0,1260.0,2026-07-13,2026-08-05
S26,semnat (AA30/ADD7 11.09.2026),AMARA/HISKY,CLJ LCA CLJ,H45427/5428,2026-07-23,30.0,224.0,6720.0,1337.4,2026-07-13,2026-08-05
S26,semnat (AA30/ADD7 11.09.2026),CORENDON,SCV AYT SCV,CAI9018/9017,2026-07-24,120.0,186.78,22413.6,3272.4,2026-07-14,2026-08-05
S26,semnat (AA30/ADD7 11.09.2026),CORENDON,OMR AYT OMR,CAI9028/9027,2026-07-24,90.0,192.5,17325.0,1998.0,2026-07-14,2026-08-05
S26,semnat (AA30/ADD7 11.09.2026),CORENDON,BAY AYT BAY,CAI9020/9019,2026-07-24,119.0,196.28,23357.32,2380.0,2026-07-14,2026-08-05
S26,semnat (AA30/ADD7 11.09.2026),ANIMA WINGS,OTP AYT OTP,A2 4260/4261,2026-07-24,100.0,161.58,16158.0,4056.0,2026-07-14,2026-08-05
S26,semnat (AA30/ADD7 11.09.2026),ANIMA WINGS,OTP MIR OTP ,A2 4456/4457,2026-07-24,130.0,221.54,28800.2,6536.4,2026-07-14,2026-08-05
S26,semnat (AA30/ADD7 11.09.2026),ANIMA WINGS,CLJ MIR CLJ,A2 4420/4421,2026-07-24,150.0,197.78,29667.0,6864.0,2026-07-14,2026-08-05
S26,semnat (AA30/ADD7 11.09.2026),TAILWIND,OTP AYT OTP,TWI 555/556,2026-07-24,88.0,219.33,19301.04,3548.16,2026-07-14,2026-08-05
S26,semnat (AA30/ADD7 11.09.2026),FREEBIRD AIRLINES,GHV AYT GHV,FH 4224/4225,2026-07-24,150.0,188.52,28278.0,3495.0,2026-07-14,2026-08-05
S26,semnat (AA30/ADD7 11.09.2026),TAILWIND,CRA AYT CRA,TWI 410/409,2026-07-24,168.0,167.0,28056.0,3948.0,2026-07-14,2026-08-05
S26,semnat (AA30/ADD7 11.09.2026),TAILWIND,TGM AYT TGM,TWI 418/417,2026-07-24,80.0,189.0,15120.0,1696.0,2026-07-14,2026-08-05
S26,semnat (AA30/ADD7 11.09.2026),ANIMA WINGS,TSR AYT TSR,A2 4296/4297,2026-07-24,148.0,191.0,28268.0,4949.12,2026-07-14,2026-08-05
S26,semnat (AA30/ADD7 11.09.2026),ANIMA WINGS,TSR CFU TSR,A2 4106/4107,2026-07-24,78.0,153.03,11936.34,2922.66,2026-07-14,2026-08-05
S26,semnat (AA30/ADD7 11.09.2026),ANIMA WINGS,TSR MIR TSR,A2 4418/4419,2026-07-24,128.0,207.42,26549.76,5524.48,2026-07-14,2026-08-05
S26,semnat (AA30/ADD7 11.09.2026),ANIMA WINGS,OTP AYT OTP,A2 4220/4221,2026-07-25,148.0,176.0,26048.0,6002.88,2026-07-15,2026-08-05
S26,semnat (AA30/ADD7 11.09.2026),ANIMA WINGS,CLJ HRG CLJ,A2 4208/4209,2026-07-25,70.0,259.0,18130.0,3378.9,2026-07-15,2026-08-05
S26,semnat (AA30/ADD7 11.09.2026),ANIMA WINGS,CLJ AYT CLJ,A2 4236/4237,2026-07-25,160.0,183.35,29336.0,5766.4,2026-07-15,2026-08-05
S26,semnat (AA30/ADD7 11.09.2026),ANIMA WINGS,OTP BJV OTP,A2 4250/4251,2026-07-25,90.0,157.52,14176.8,3650.4,2026-07-15,2026-08-05
S26,semnat (AA30/ADD7 11.09.2026),FREEBIRD AIRLINES,OTP AYT OTP,FH 4272/4273,2026-07-25,180.0,186.0,33480.0,7200.0,2026-07-15,2026-08-05
S26,semnat (AA30/ADD7 11.09.2026),ANIMA WINGS,TSR AYT TSR,A2 4298/4299,2026-07-25,148.0,191.0,28268.0,4949.12,2026-07-15,2026-08-05
S26,semnat (AA30/ADD7 11.09.2026),ANIMA WINGS,OTP HER OTP,A2 4132/4133,2026-07-25,118.0,180.73,21326.14,3400.76,2026-07-15,2026-08-05
S26,semnat (AA30/ADD7 11.09.2026),ANIMA WINGS,CLJ HER CLJ,A2 4142/4143,2026-07-25,118.0,200.19,23622.42,2867.4,2026-07-15,2026-08-05
S26,semnat (AA30/ADD7 11.09.2026),ANIMA WINGS,OTP RHO OTP,A2 4126/4127,2026-07-25,88.0,171.0,15048.0,3901.92,2026-07-15,2026-08-05
S26,semnat (AA30/ADD7 11.09.2026),ANIMA WINGS,TSR RHO TSR,A2 4128/4129,2026-07-25,68.0,184.78,12565.04,2530.96,2026-07-15,2026-08-05
S26,semnat (AA30/ADD7 11.09.2026),ANIMA WINGS,CRA AYT CRA,A24294/4295,2026-07-25,148.0,182.18,26962.64,3513.52,2026-07-15,2026-08-05
S26,semnat (AA30/ADD7 11.09.2026),ANIMA WINGS,TSR CHQ TSR,A2 4152/4153,2026-07-25,108.0,180.73,19518.84,3868.56,2026-07-15,2026-08-05
S26,semnat (AA30/ADD7 11.09.2026),ANIMA WINGS,OTP AYT OTP,A2 4268/4269,2026-07-25,137.0,176.0,24112.0,5556.72,2026-07-15,2026-08-05
S26,semnat (AA30/ADD7 11.09.2026),ANIMA WINGS,IAS AYT IAS,A2 4228/4229,2026-07-25,137.0,201.0,27537.0,4594.98,2026-07-15,2026-08-05
S26,semnat (AA30/ADD7 11.09.2026),ANIMA WINGS,OTP CHQ OTP,A2 4150/4151,2026-07-25,72.0,195.16,14051.52,3091.68,2026-07-15,2026-08-05
S26,semnat (AA30/ADD7 11.09.2026),CORENDON,SCV AYT SCV,CAI9022/9021,2026-07-26,169.0,186.78,31565.82,4608.63,2026-07-16,2026-08-05
S26,semnat (AA30/ADD7 11.09.2026),ANIMA WINGS,OTP PMI OTP,A2 4310/4311,2026-07-26,80.0,254.39,20351.2,2641.6,2026-07-16,2026-08-05
S26,semnat (AA30/ADD7 11.09.2026),ANIMA WINGS,IAS PMI IAS,A2 4318/4319,2026-07-26,120.0,275.73,33087.6,3120.0,2026-07-16,2026-08-05
S26,semnat (AA30/ADD7 11.09.2026),ANIMA WINGS,OTP AYT OTP,A2 4270/4271,2026-07-26,50.0,161.58,8079.0,2028.0,2026-07-16,2026-08-05
S26,semnat (AA30/ADD7 11.09.2026),ANIMA WINGS,OTP EFL OTP,A2 4140/4141,2026-07-26,90.0,162.28,14605.2,4048.2,2026-07-16,2026-08-05
S26,semnat (AA30/ADD7 11.09.2026),ANIMA WINGS,TSR HRG TSR,A2 4408/4409,2026-07-26,118.0,286.9,33854.2,5389.06,2026-07-16,2026-08-05
S26,semnat (AA30/ADD7 11.09.2026),ANIMA WINGS,TSR PMI TSR,A2 4312/4313,2026-07-26,83.0,260.05,21584.15,2149.7,2026-07-16,2026-08-05
S26,semnat (AA30/ADD7 11.09.2026),ANIMA WINGS,OTP CFU OTP,A2 4102/4103,2026-07-26,87.0,165.23,14375.01,3879.33,2026-07-16,2026-08-05
S26,semnat (AA30/ADD7 11.09.2026),CORENDON,IAS AYT IAS,CAI9006/9005,2026-07-27,129.0,182.0,23478.0,4128.0,2026-07-17,2026-08-05
S26,semnat (AA30/ADD7 11.09.2026),CORENDON,CLJ AYT CLJ,CAI9002/9001,2026-07-27,100.0,196.5,19650.0,4120.0,2026-07-17,2026-08-05
S26,semnat (AA30/ADD7 11.09.2026),ANIMA WINGS,IAS HRG IAS,A2 4212/4213,2026-07-27,160.0,263.47777777777776,42156.44,7323.2,2026-07-17,2026-08-05
S26,semnat (AA30/ADD7 11.09.2026),FREEBIRD AIRLINES,CRA AYT CRA,FH 4294/4295,2026-07-27,140.0,196.88,27563.2,3290.0,2026-07-17,2026-08-05
S26,semnat (AA30/ADD7 11.09.2026),FREEBIRD AIRLINES,OTP AYT OTP,FH 4222/4223,2026-07-27,160.0,189.05,30248.0,6451.2,2026-07-17,2026-08-05
S26,semnat (AA30/ADD7 11.09.2026),ANIMA WINGS,OTP HRG OTP,A2 4104/4105,2026-07-27,180.0,240.19,41571.35,9136.73,2026-07-17,2026-08-05
S26,semnat (AA30/ADD7 11.09.2026),TAILWIND,BAY AYT BAY,TWI 414/413,2026-07-27,68.0,196.0,13328.0,1360.0,2026-07-17,2026-08-05
S26,semnat (AA30/ADD7 11.09.2026),TAILWIND,BCM AYT BCM,TWI 404/403,2026-07-27,78.0,173.0,13494.0,1833.0,2026-07-17,2026-08-05
S26,semnat (AA30/ADD7 11.09.2026),ANIMA WINGS,TSR AYT TSR,A2 4296/4297,2026-07-27,148.0,191.0,28268.0,4949.12,2026-07-17,2026-08-05
S26,semnat (AA30/ADD7 11.09.2026),ANIMA WINGS,GHV AYT GHV,A2 4224/4225,2026-07-27,128.0,182.02,23298.56,3013.12,2026-07-17,2026-08-05
S26,semnat (AA30/ADD7 11.09.2026),CORENDON,SBZ AYT SBZ,CAI9014/9013,2026-07-28,149.0,185.28,27606.72,3203.5,2026-07-18,2026-08-05
S26,semnat (AA30/ADD7 11.09.2026),ANIMA WINGS,OTP HER OTP,A2 4132/4133,2026-07-28,110.0,169.68355555555556,18665.19,3170.2,2026-07-18,2026-08-05
S26,semnat (AA30/ADD7 11.09.2026),ANIMA WINGS,IAS HER IAS,A2 4134/4135,2026-07-28,80.0,179.7055,14376.44,1744.0,2026-07-18,2026-08-05
S26,semnat (AA30/ADD7 11.09.2026),ANIMA WINGS,OTP RHO OTP,A2 4126/4127,2026-07-28,120.0,181.63116666666667,21795.74,5320.8,2026-07-18,2026-08-05
S26,semnat (AA30/ADD7 11.09.2026),ANIMA WINGS,OTP AYT OTP,A2 4238/4239,2026-07-28,180.0,161.58,29084.4,7300.8,2026-07-18,2026-08-05
S26,semnat (AA30/ADD7 11.09.2026),ANIMA WINGS,OTP MIR OTP,A2 4410/4411,2026-07-28,140.0,221.54,31015.6,7039.2,2026-07-18,2026-08-05
S26,semnat (AA30/ADD7 11.09.2026),ANIMA WINGS,GHV MIR GHV,A2 4414/4415,2026-07-28,100.0,221.54222222222222,22154.22,3326.0,2026-07-18,2026-08-05
S26,semnat (AA30/ADD7 11.09.2026),AEGEAN,CLJ RHO CLJ,A34305/4304,2026-07-28,44.0,174.54,7679.76,1995.4,2026-07-18,2026-08-05
S26,semnat (AA30/ADD7 11.09.2026),ANIMA WINGS,TSR HER TSR,A2 4138/4139,2026-07-28,98.0,190.1891891891892,18638.54,2126.6,2026-07-18,2026-08-05
S26,semnat (AA30/ADD7 11.09.2026),ANIMA WINGS,GHV HER GHV,A2 4144/4145,2026-07-28,118.0,201.88,23821.84,1392.4,2026-07-18,2026-08-05
S26,semnat (AA30/ADD7 11.09.2026),ANIMA WINGS,SBZ HER SBZ,A2 4154/4155,2026-07-28,80.0,200.18918918918922,16015.14,800.0,2026-07-18,2026-08-05
S26,semnat (AA30/ADD7 11.09.2026),TEZ/SKYEXPRESS,TGM HER TGM,GQ4813/12,2026-07-28,70.0,200.0,14000.0,665.0,2026-07-18,2026-08-05
S26,semnat (AA30/ADD7 11.09.2026),P45/AEGEAN,CLJ CHQ CLJ,A34557/4556,2026-07-28,50.0,182.0,9100.0,2197.5,2026-07-18,2026-08-05
S26,semnat (AA30/ADD7 11.09.2026),ANIMA WINGS,OTP AYT OTP,A2 4220/4221,2026-07-29,180.0,161.58,29084.4,7300.8,2026-07-19,2026-08-05
S26,semnat (AA30/ADD7 11.09.2026),ANIMA WINGS,OTP HER OTP,A2 4136/4137,2026-07-29,70.0,169.68,11877.6,2017.4,2026-07-19,2026-08-05
S26,semnat (AA30/ADD7 11.09.2026),ANIMA WINGS,CRA HER CRA,A2 4146/4147,2026-07-29,90.0,160.74,14466.6,1080.0,2026-07-19,2026-08-05
S26,semnat (AA30/ADD7 11.09.2026),ANIMA WINGS,TSR AYT TSR,A2 4292/4293,2026-07-29,48.0,191.0,9168.0,1605.12,2026-07-19,2026-08-05
S26,semnat (AA30/ADD7 11.09.2026),ANIMA WINGS,ARW AYT ARW,A2 4234/4235,2026-07-29,107.0,191.0,20437.0,2304.78,2026-07-19,2026-08-05
S26,semnat (AA30/ADD7 11.09.2026),P45/CORENDON,CND AYT CND,,2026-07-29,40.0,154.73,6189.2,880.0,2026-07-19,2026-08-05
S26,semnat (AA30/ADD7 11.09.2026),ANIMA WINGS,OTP ZTH OTP,A2 4116/4117,2026-07-30,160.0,165.47,26475.2,7134.4,2026-07-20,2026-08-05
S26,semnat (AA30/ADD7 11.09.2026),ANIMA WINGS,OTP HER OTP,A2 4148/4149,2026-07-30,100.0,169.68,16968.0,2882.0,2026-07-20,2026-08-05
S26,semnat (AA30/ADD7 11.09.2026),ANIMA WINGS,SCV HER SCV,A2 4158/4159,2026-07-30,90.0,205.97,18537.3,1062.0,2026-07-20,2026-08-05
S26,semnat (AA30/ADD7 11.09.2026),ANIMA WINGS,OTP EFL OTP,A2 4140/4141,2026-07-30,120.0,162.28,19473.6,5397.6,2026-07-20,2026-08-05
S26,semnat (AA30/ADD7 11.09.2026),ANIMA WINGS,OTP AYT OTP,A2 4264/4265,2026-07-30,110.0,161.58,17773.8,4461.6,2026-07-20,2026-08-05
S26,semnat (AA30/ADD7 11.09.2026),TAILWIND,GHV AYT GHV,TWI 408/407,2026-07-30,78.0,175.0,13650.0,1719.9,2026-07-20,2026-08-05
S26,semnat (AA30/ADD7 11.09.2026),ANIMA WINGS,TSR ZTH TSR,A2 4122/4123,2026-07-30,108.0,159.92,17271.36,4046.76,2026-07-20,2026-08-05
S26,semnat (AA30/ADD7 11.09.2026),ANIMA WINGS,CLJ ZTH CLJ,A2 4120/4121,2026-07-30,118.0,179.75,21210.5,4728.26,2026-07-20,2026-08-05
S26,semnat (AA30/ADD7 11.09.2026),ANIMA WINGS,TSR EFL TSR,A2 4160/4161,2026-07-30,118.0,173.64,20489.52,4467.48,2026-07-20,2026-08-05
S26,semnat (AA30/ADD7 11.09.2026),TEZ/SKYEXPRESS,BAY HER BAY,GQ4641/40,2026-07-30,60.0,212.0,12720.0,498.0,2026-07-20,2026-08-05
S26,semnat (AA30/ADD7 11.09.2026),AMARA/HISKY,CLJ PMI CLJ,H45407/5408,2026-07-30,40.0,247.0,9880.0,1260.0,2026-07-20,2026-08-05
S26,semnat (AA30/ADD7 11.09.2026),AMARA/HISKY,CLJ LCA CLJ,H45427/5428,2026-07-30,30.0,224.0,6720.0,1337.4,2026-07-20,2026-08-05
S26,semnat (AA30/ADD7 11.09.2026),CORENDON,SCV AYT SCV,CAI9018/9017,2026-07-31,120.0,186.78,22413.6,3272.4,2026-07-21,2026-08-05
S26,semnat (AA30/ADD7 11.09.2026),CORENDON,OMR AYT OMR,CAI9028/9027,2026-07-31,90.0,192.5,17325.0,1998.0,2026-07-21,2026-08-05
S26,semnat (AA30/ADD7 11.09.2026),CORENDON,BAY AYT BAY,CAI9020/9019,2026-07-31,119.0,196.28,23357.32,2380.0,2026-07-21,2026-08-05
S26,semnat (AA30/ADD7 11.09.2026),ANIMA WINGS,OTP AYT OTP,A2 4260/4261,2026-07-31,100.0,161.58,16158.0,4056.0,2026-07-21,2026-08-05
S26,semnat (AA30/ADD7 11.09.2026),ANIMA WINGS,OTP MIR OTP ,A2 4456/4457,2026-07-31,130.0,221.54,28800.2,6536.4,2026-07-21,2026-08-05
S26,semnat (AA30/ADD7 11.09.2026),ANIMA WINGS,CLJ MIR CLJ,A2 4420/4421,2026-07-31,150.0,197.78,29667.0,6864.0,2026-07-21,2026-08-05
S26,semnat (AA30/ADD7 11.09.2026),ANIMA WINGS,OTP AYT OTP,A2 4258/4259,2026-07-31,100.0,161.58,16158.0,4056.0,2026-07-21,2026-08-05
S26,semnat (AA30/ADD7 11.09.2026),ANIMA WINGS,GHV AYT GHV,A2 4224/4225,2026-07-31,70.0,178.96,12527.2,1647.8,2026-07-21,2026-08-05
S26,semnat (AA30/ADD7 11.09.2026),TAILWIND,CRA AYT CRA,TWI 410/409,2026-07-31,168.0,167.0,28056.0,3948.0,2026-07-21,2026-08-05
S26,semnat (AA30/ADD7 11.09.2026),TAILWIND,TGM AYT TGM,TWI 418/417,2026-07-31,80.0,189.0,15120.0,1696.0,2026-07-21,2026-08-05
S26,semnat (AA30/ADD7 11.09.2026),ANIMA WINGS,TSR AYT TSR,A2 4296/4297,2026-07-31,148.0,191.0,28268.0,4949.12,2026-07-21,2026-08-05
S26,semnat (AA30/ADD7 11.09.2026),ANIMA WINGS,TSR CFU TSR,A2 4106/4107,2026-07-31,78.0,153.03,11936.34,2922.66,2026-07-21,2026-08-05
S26,semnat (AA30/ADD7 11.09.2026),ANIMA WINGS,TSR MIR TSR,A2 4418/4419,2026-07-31,128.0,207.42,26549.76,5524.48,2026-07-21,2026-08-05
S26,semnat (AA30/ADD7 11.09.2026),ANIMA WINGS,OTP AYT OTP,A2 4220/4221,2026-08-01,148.0,176.0,26048.0,6002.88,2026-07-22,2026-09-05
S26,semnat (AA30/ADD7 11.09.2026),ANIMA WINGS,OTP HRG OTP,A2 4206/4207,2026-08-01,160.0,240.19,38430.4,8446.4,2026-07-22,2026-09-05
S26,semnat (AA30/ADD7 11.09.2026),ANIMA WINGS,CLJ HRG CLJ,A2 4208/4209,2026-08-01,70.0,259.0,18130.0,3378.9,2026-07-22,2026-09-05
S26,semnat (AA30/ADD7 11.09.2026),ANIMA WINGS,CLJ AYT CLJ,A2 4236/4237,2026-08-01,160.0,183.35,29336.0,5766.4,2026-07-22,2026-09-05
S26,semnat (AA30/ADD7 11.09.2026),ANIMA WINGS,OTP BJV OTP,A2 4250/4251,2026-08-01,90.0,157.52,14176.8,3650.4,2026-07-22,2026-09-05
S26,semnat (AA30/ADD7 11.09.2026),ANIMA WINGS,OTP AYT OTP,A2 4272/4273,2026-08-01,100.0,161.58,16158.0,4056.0,2026-07-22,2026-09-05
S26,semnat (AA30/ADD7 11.09.2026),ANIMA WINGS,TSR AYT TSR,A2 4298/4299,2026-08-01,148.0,191.0,28268.0,4949.12,2026-07-22,2026-09-05
S26,semnat (AA30/ADD7 11.09.2026),ANIMA WINGS,OTP HER OTP,A2 4132/4133,2026-08-01,118.0,180.73,21326.14,3400.76,2026-07-22,2026-09-05
S26,semnat (AA30/ADD7 11.09.2026),ANIMA WINGS,CLJ HER CLJ,A2 4142/4143,2026-08-01,118.0,200.19,23622.42,2867.4,2026-07-22,2026-09-05
S26,semnat (AA30/ADD7 11.09.2026),ANIMA WINGS,OTP RHO OTP,A2 4126/4127,2026-08-01,88.0,171.0,15048.0,3901.92,2026-07-22,2026-09-05
S26,semnat (AA30/ADD7 11.09.2026),ANIMA WINGS,TSR RHO TSR,A2 4128/4129,2026-08-01,68.0,184.78,12565.04,2530.96,2026-07-22,2026-09-05
S26,semnat (AA30/ADD7 11.09.2026),ANIMA WINGS,CRA AYT CRA,A24294/4295,2026-08-01,148.0,182.18,26962.64,3513.52,2026-07-22,2026-09-05
S26,semnat (AA30/ADD7 11.09.2026),ANIMA WINGS,TSR CHQ TSR,A2 4152/4153,2026-08-01,108.0,180.73,19518.84,3868.56,2026-07-22,2026-09-05
S26,semnat (AA30/ADD7 11.09.2026),ANIMA WINGS,OTP AYT OTP,A2 4268/4269,2026-08-01,137.0,176.0,24112.0,5556.72,2026-07-22,2026-09-05
S26,semnat (AA30/ADD7 11.09.2026),ANIMA WINGS,IAS AYT IAS,A2 4228/4229,2026-08-01,137.0,201.0,27537.0,4594.98,2026-07-22,2026-09-05
S26,semnat (AA30/ADD7 11.09.2026),ANIMA WINGS,OTP CHQ OTP,A2 4150/4151,2026-08-01,72.0,195.16,14051.52,3091.68,2026-07-22,2026-09-05
S26,semnat (AA30/ADD7 11.09.2026),CORENDON,SCV AYT SCV,CAI9022/9021,2026-08-02,169.0,186.78,31565.82,4608.63,2026-07-23,2026-09-05
S26,semnat (AA30/ADD7 11.09.2026),ANIMA WINGS,OTP PMI OTP,A2 4310/4311,2026-08-02,80.0,254.39,20351.2,2641.6,2026-07-23,2026-09-05
S26,semnat (AA30/ADD7 11.09.2026),ANIMA WINGS,IAS PMI IAS,A2 4318/4319,2026-08-02,120.0,275.73,33087.6,3120.0,2026-07-23,2026-09-05
S26,semnat (AA30/ADD7 11.09.2026),MGA,OTP AYT OTP,4M 4270/4271,2026-08-02,50.0,337.84,16892.0,2028.0,2026-07-23,2026-09-05
S26,semnat (AA30/ADD7 11.09.2026),ANIMA WINGS,OTP EFL OTP,A2 4140/4141,2026-08-02,90.0,162.28,14605.2,4048.2,2026-07-23,2026-09-05
S26,semnat (AA30/ADD7 11.09.2026),ANIMA WINGS,TSR HRG TSR,A2 4408/4409,2026-08-02,118.0,286.9,33854.2,5389.06,2026-07-23,2026-09-05
S26,semnat (AA30/ADD7 11.09.2026),ANIMA WINGS,TSR PMI TSR,A2 4312/4313,2026-08-02,83.0,260.05,21584.15,2149.7,2026-07-23,2026-09-05
S26,semnat (AA30/ADD7 11.09.2026),ANIMA WINGS,OTP CFU OTP,A2 4102/4103,2026-08-02,87.0,165.23,14375.01,3879.33,2026-07-23,2026-09-05
S26,semnat (AA30/ADD7 11.09.2026),CORENDON,IAS AYT IAS,CAI9006/9005,2026-08-03,129.0,182.0,23478.0,4128.0,2026-07-24,2026-09-05
S26,semnat (AA30/ADD7 11.09.2026),CORENDON,CLJ AYT CLJ,CAI9002/9001,2026-08-03,100.0,196.5,19650.0,4120.0,2026-07-24,2026-09-05
S26,semnat (AA30/ADD7 11.09.2026),ANIMA WINGS,IAS HRG IAS,A2 4212/4213,2026-08-03,160.0,263.47777777777776,42156.44,7323.2,2026-07-24,2026-09-05
S26,semnat (AA30/ADD7 11.09.2026),ANIMA WINGS,CRA AYT CRA,A2 4294/4295,2026-08-03,80.0,161.40844444444446,12912.68,1899.2,2026-07-24,2026-09-05
S26,semnat (AA30/ADD7 11.09.2026),ANIMA WINGS,OTP AYT OTP,A2 4222/4223,2026-08-03,110.0,161.58,17773.8,4461.6,2026-07-24,2026-09-05
S26,semnat (AA30/ADD7 11.09.2026),ANIMA WINGS,OTP HRG OTP,A2 4104/4105,2026-08-03,180.0,240.19,41571.35,9136.73,2026-07-24,2026-09-05
S26,semnat (AA30/ADD7 11.09.2026),TAILWIND,BAY AYT BAY,TWI 414/413,2026-08-03,68.0,196.0,13328.0,1360.0,2026-07-24,2026-09-05
S26,semnat (AA30/ADD7 11.09.2026),TAILWIND,BCM AYT BCM,TWI 404/403,2026-08-03,78.0,173.0,13494.0,1833.0,2026-07-24,2026-09-05
S26,semnat (AA30/ADD7 11.09.2026),ANIMA WINGS,TSR AYT TSR,A2 4296/4297,2026-08-03,148.0,191.0,28268.0,4949.12,2026-07-24,2026-09-05
S26,semnat (AA30/ADD7 11.09.2026),ANIMA WINGS,GHV AYT GHV,A2 4224/4225,2026-08-03,128.0,182.02,23298.56,3013.12,2026-07-24,2026-09-05
S26,semnat (AA30/ADD7 11.09.2026),CORENDON,SBZ AYT SBZ,CAI9014/9013,2026-08-04,149.0,185.28,27606.72,3203.5,2026-07-25,2026-09-05
S26,semnat (AA30/ADD7 11.09.2026),ANIMA WINGS,OTP HER OTP,A2 4132/4133,2026-08-04,110.0,169.68355555555556,18665.19,3170.2,2026-07-25,2026-09-05
S26,semnat (AA30/ADD7 11.09.2026),ANIMA WINGS,IAS HER IAS,A2 4134/4135,2026-08-04,80.0,179.7055,14376.44,1744.0,2026-07-25,2026-09-05
S26,semnat (AA30/ADD7 11.09.2026),ANIMA WINGS,OTP RHO OTP,A2 4126/4127,2026-08-04,120.0,181.63116666666667,21795.74,5320.8,2026-07-25,2026-09-05
S26,semnat (AA30/ADD7 11.09.2026),ANIMA WINGS,OTP AYT OTP,A2 4238/4239,2026-08-04,180.0,161.58,29084.4,7300.8,2026-07-25,2026-09-05
S26,semnat (AA30/ADD7 11.09.2026),ANIMA WINGS,OTP MIR OTP,A2 4410/4411,2026-08-04,140.0,221.54,31015.6,7039.2,2026-07-25,2026-09-05
S26,semnat (AA30/ADD7 11.09.2026),ANIMA WINGS,GHV MIR GHV,A2 4414/4415,2026-08-04,100.0,221.54222222222222,22154.22,3326.0,2026-07-25,2026-09-05
S26,semnat (AA30/ADD7 11.09.2026),AEGEAN,CLJ RHO CLJ,A34305/4304,2026-08-04,44.0,174.54,7679.76,1995.4,2026-07-25,2026-09-05
S26,semnat (AA30/ADD7 11.09.2026),ANIMA WINGS,TSR HER TSR,A2 4138/4139,2026-08-04,98.0,190.1891891891892,18638.54,2126.6,2026-07-25,2026-09-05
S26,semnat (AA30/ADD7 11.09.2026),ANIMA WINGS,GHV HER GHV,A2 4144/4145,2026-08-04,118.0,201.88,23821.84,1392.4,2026-07-25,2026-09-05
S26,semnat (AA30/ADD7 11.09.2026),ANIMA WINGS,SBZ HER SBZ,A2 4154/4155,2026-08-04,80.0,200.18918918918922,16015.14,800.0,2026-07-25,2026-09-05
S26,semnat (AA30/ADD7 11.09.2026),TEZ/SKYEXPRESS,TGM HER TGM,GQ4813/12,2026-08-04,70.0,200.0,14000.0,665.0,2026-07-25,2026-09-05
S26,semnat (AA30/ADD7 11.09.2026),P45/AEGEAN,CLJ CHQ CLJ,A34557/4556,2026-08-04,50.0,182.0,9100.0,2197.5,2026-07-25,2026-09-05
S26,semnat (AA30/ADD7 11.09.2026),ANIMA WINGS,OTP AYT OTP,A2 4220/4221,2026-08-05,180.0,161.58,29084.4,7300.8,2026-07-26,2026-09-05
S26,semnat (AA30/ADD7 11.09.2026),ANIMA WINGS,OTP HER OTP,A2 4136/4137,2026-08-05,70.0,169.68,11877.6,2017.4,2026-07-26,2026-09-05
S26,semnat (AA30/ADD7 11.09.2026),ANIMA WINGS,CRA HER CRA,A2 4146/4147,2026-08-05,90.0,160.74,14466.6,1080.0,2026-07-26,2026-09-05
S26,semnat (AA30/ADD7 11.09.2026),ANIMA WINGS,TSR AYT TSR,A2 4292/4293,2026-08-05,48.0,191.0,9168.0,1605.12,2026-07-26,2026-09-05
S26,semnat (AA30/ADD7 11.09.2026),ANIMA WINGS,ARW AYT ARW,A2 4234/4235,2026-08-05,107.0,191.0,20437.0,2304.78,2026-07-26,2026-09-05
S26,semnat (AA30/ADD7 11.09.2026),P45/CORENDON,CND AYT CND,,2026-08-05,40.0,154.73,6189.2,880.0,2026-07-26,2026-09-05
S26,semnat (AA30/ADD7 11.09.2026),ANIMA WINGS,OTP ZTH OTP,A2 4116/4117,2026-08-06,160.0,165.47,26475.2,7134.4,2026-07-27,2026-09-05
S26,semnat (AA30/ADD7 11.09.2026),ANIMA WINGS,OTP HER OTP,A2 4148/4149,2026-08-06,100.0,169.68,16968.0,2882.0,2026-07-27,2026-09-05
S26,semnat (AA30/ADD7 11.09.2026),ANIMA WINGS,SCV HER SCV,A2 4158/4159,2026-08-06,90.0,205.97,18537.3,1062.0,2026-07-27,2026-09-05
S26,semnat (AA30/ADD7 11.09.2026),ANIMA WINGS,OTP EFL OTP,A2 4140/4141,2026-08-06,120.0,162.28,19473.6,5397.6,2026-07-27,2026-09-05
S26,semnat (AA30/ADD7 11.09.2026),ANIMA WINGS,OTP AYT OTP,A2 4264/4265,2026-08-06,110.0,161.58,17773.8,4461.6,2026-07-27,2026-09-05
S26,semnat (AA30/ADD7 11.09.2026),TAILWIND,GHV AYT GHV,TWI 408/407,2026-08-06,78.0,175.0,13650.0,1719.9,2026-07-27,2026-09-05
S26,semnat (AA30/ADD7 11.09.2026),ANIMA WINGS,TSR ZTH TSR,A2 4122/4123,2026-08-06,108.0,159.92,17271.36,4046.76,2026-07-27,2026-09-05
S26,semnat (AA30/ADD7 11.09.2026),ANIMA WINGS,CLJ ZTH CLJ,A2 4120/4121,2026-08-06,118.0,179.75,21210.5,4728.26,2026-07-27,2026-09-05
S26,semnat (AA30/ADD7 11.09.2026),ANIMA WINGS,TSR EFL TSR,A2 4160/4161,2026-08-06,118.0,173.64,20489.52,4467.48,2026-07-27,2026-09-05
S26,semnat (AA30/ADD7 11.09.2026),TEZ/SKYEXPRESS,BAY HER BAY,GQ4641/40,2026-08-06,60.0,212.0,12720.0,498.0,2026-07-27,2026-09-05
S26,semnat (AA30/ADD7 11.09.2026),AMARA/HISKY,CLJ PMI CLJ,H45407/5408,2026-08-06,40.0,247.0,9880.0,1260.0,2026-07-27,2026-09-05
S26,semnat (AA30/ADD7 11.09.2026),AMARA/HISKY,CLJ LCA CLJ,H45427/5428,2026-08-06,30.0,224.0,6720.0,1337.4,2026-07-27,2026-09-05
S26,semnat (AA30/ADD7 11.09.2026),CORENDON,SCV AYT SCV,CAI9018/9017,2026-08-07,120.0,186.78,22413.6,3272.4,2026-07-28,2026-09-05
S26,semnat (AA30/ADD7 11.09.2026),CORENDON,OMR AYT OMR,CAI9028/9027,2026-08-07,90.0,192.5,17325.0,1998.0,2026-07-28,2026-09-05
S26,semnat (AA30/ADD7 11.09.2026),CORENDON,BAY AYT BAY,CAI9020/9019,2026-08-07,119.0,196.28,23357.32,2380.0,2026-07-28,2026-09-05
S26,semnat (AA30/ADD7 11.09.2026),ANIMA WINGS,OTP AYT OTP,A2 4260/4261,2026-08-07,100.0,161.58,16158.0,4056.0,2026-07-28,2026-09-05
S26,semnat (AA30/ADD7 11.09.2026),ANIMA WINGS,OTP MIR OTP ,A2 4456/4457,2026-08-07,130.0,221.54,28800.2,6536.4,2026-07-28,2026-09-05
S26,semnat (AA30/ADD7 11.09.2026),ANIMA WINGS,CLJ MIR CLJ,A2 4420/4421,2026-08-07,150.0,197.78,29667.0,6864.0,2026-07-28,2026-09-05
S26,semnat (AA30/ADD7 11.09.2026),FREEBIRD AIRLINES,OTP AYT OTP,FH 4258/4259,2026-08-07,100.0,205.53,20553.0,4000.0,2026-07-28,2026-09-05
S26,semnat (AA30/ADD7 11.09.2026),FREEBIRD AIRLINES,GHV AYT GHV,FH 4224/4225,2026-08-07,150.0,191.0,28650.0,3495.0,2026-07-28,2026-09-05
S26,semnat (AA30/ADD7 11.09.2026),TAILWIND,CRA AYT CRA,TWI 410/409,2026-08-07,168.0,167.0,28056.0,3948.0,2026-07-28,2026-09-05
S26,semnat (AA30/ADD7 11.09.2026),TAILWIND,TGM AYT TGM,TWI 418/417,2026-08-07,80.0,189.0,15120.0,1696.0,2026-07-28,2026-09-05
S26,semnat (AA30/ADD7 11.09.2026),ANIMA WINGS,TSR AYT TSR,A2 4296/4297,2026-08-07,148.0,191.0,28268.0,4949.12,2026-07-28,2026-09-05
S26,semnat (AA30/ADD7 11.09.2026),ANIMA WINGS,TSR CFU TSR,A2 4106/4107,2026-08-07,78.0,153.03,11936.34,2922.66,2026-07-28,2026-09-05
S26,semnat (AA30/ADD7 11.09.2026),ANIMA WINGS,TSR MIR TSR,A2 4418/4419,2026-08-07,128.0,207.42,26549.76,5524.48,2026-07-28,2026-09-05
S26,semnat (AA30/ADD7 11.09.2026),ANIMA WINGS,OTP AYT OTP,A2 4220/4221,2026-08-08,148.0,176.0,26048.0,6002.88,2026-07-29,2026-09-05
S26,semnat (AA30/ADD7 11.09.2026),ANIMA WINGS,OTP HRG OTP,A2 4206/4207,2026-08-08,160.0,240.19,38430.4,8446.4,2026-07-29,2026-09-05
S26,semnat (AA30/ADD7 11.09.2026),ANIMA WINGS,CLJ HRG CLJ,A2 4208/4209,2026-08-08,70.0,259.0,18130.0,3378.9,2026-07-29,2026-09-05
S26,semnat (AA30/ADD7 11.09.2026),ANIMA WINGS,CLJ AYT CLJ,A2 4236/4237,2026-08-08,160.0,183.35,29336.0,5766.4,2026-07-29,2026-09-05
S26,semnat (AA30/ADD7 11.09.2026),ANIMA WINGS,OTP BJV OTP,A2 4250/4251,2026-08-08,90.0,157.52,14176.8,3650.4,2026-07-29,2026-09-05
S26,semnat (AA30/ADD7 11.09.2026),ANIMA WINGS,OTP AYT OTP,A2 4272/4273,2026-08-08,100.0,161.58,16158.0,4056.0,2026-07-29,2026-09-05
S26,semnat (AA30/ADD7 11.09.2026),ANIMA WINGS,TSR AYT TSR,A2 4298/4299,2026-08-08,148.0,191.0,28268.0,4949.12,2026-07-29,2026-09-05
S26,semnat (AA30/ADD7 11.09.2026),ANIMA WINGS,OTP HER OTP,A2 4132/4133,2026-08-08,118.0,180.73,21326.14,3400.76,2026-07-29,2026-09-05
S26,semnat (AA30/ADD7 11.09.2026),ANIMA WINGS,CLJ HER CLJ,A2 4142/4143,2026-08-08,118.0,200.19,23622.42,2867.4,2026-07-29,2026-09-05
S26,semnat (AA30/ADD7 11.09.2026),ANIMA WINGS,OTP RHO OTP,A2 4126/4127,2026-08-08,88.0,171.0,15048.0,3901.92,2026-07-29,2026-09-05
S26,semnat (AA30/ADD7 11.09.2026),ANIMA WINGS,TSR RHO TSR,A2 4128/4129,2026-08-08,68.0,184.78,12565.04,2530.96,2026-07-29,2026-09-05
S26,semnat (AA30/ADD7 11.09.2026),ANIMA WINGS,CRA AYT CRA,A24294/4295,2026-08-08,148.0,182.18,26962.64,3513.52,2026-07-29,2026-09-05
S26,semnat (AA30/ADD7 11.09.2026),ANIMA WINGS,TSR CHQ TSR,A2 4152/4153,2026-08-08,108.0,180.73,19518.84,3868.56,2026-07-29,2026-09-05
S26,semnat (AA30/ADD7 11.09.2026),ANIMA WINGS,OTP AYT OTP,A2 4268/4269,2026-08-08,137.0,176.0,24112.0,5556.72,2026-07-29,2026-09-05
S26,semnat (AA30/ADD7 11.09.2026),ANIMA WINGS,IAS AYT IAS,A2 4228/4229,2026-08-08,137.0,201.0,27537.0,4594.98,2026-07-29,2026-09-05
S26,semnat (AA30/ADD7 11.09.2026),ANIMA WINGS,OTP CHQ OTP,A2 4150/4151,2026-08-08,72.0,195.16,14051.52,3091.68,2026-07-29,2026-09-05
S26,semnat (AA30/ADD7 11.09.2026),CORENDON,SCV AYT SCV,CAI9022/9021,2026-08-09,169.0,186.78,31565.82,4608.63,2026-07-30,2026-09-05
S26,semnat (AA30/ADD7 11.09.2026),ANIMA WINGS,OTP PMI OTP,A2 4310/4311,2026-08-09,80.0,254.39,20351.2,2641.6,2026-07-30,2026-09-05
S26,semnat (AA30/ADD7 11.09.2026),ANIMA WINGS,IAS PMI IAS,A2 4318/4319,2026-08-09,120.0,275.73,33087.6,3120.0,2026-07-30,2026-09-05
S26,semnat (AA30/ADD7 11.09.2026),ANIMA WINGS,OTP AYT OTP,A2 4270/4271,2026-08-09,50.0,161.58,8079.0,2028.0,2026-07-30,2026-09-05
S26,semnat (AA30/ADD7 11.09.2026),ANIMA WINGS,OTP EFL OTP,A2 4140/4141,2026-08-09,90.0,162.28,14605.2,4048.2,2026-07-30,2026-09-05
S26,semnat (AA30/ADD7 11.09.2026),ANIMA WINGS,TSR HRG TSR,A2 4408/4409,2026-08-09,118.0,286.9,33854.2,5389.06,2026-07-30,2026-09-05
S26,semnat (AA30/ADD7 11.09.2026),ANIMA WINGS,TSR PMI TSR,A2 4312/4313,2026-08-09,83.0,260.05,21584.15,2149.7,2026-07-30,2026-09-05
S26,semnat (AA30/ADD7 11.09.2026),ANIMA WINGS,OTP CFU OTP,A2 4102/4103,2026-08-09,87.0,165.23,14375.01,3879.33,2026-07-30,2026-09-05
S26,semnat (AA30/ADD7 11.09.2026),CORENDON,IAS AYT IAS,CAI9006/9005,2026-08-10,129.0,182.0,23478.0,4128.0,2026-07-31,2026-09-05
S26,semnat (AA30/ADD7 11.09.2026),CORENDON,CLJ AYT CLJ,CAI9002/9001,2026-08-10,100.0,196.5,19650.0,4120.0,2026-07-31,2026-09-05
S26,semnat (AA30/ADD7 11.09.2026),ANIMA WINGS,IAS HRG IAS,A2 4212/4213,2026-08-10,160.0,263.47777777777776,42156.44,7323.2,2026-07-31,2026-09-05
S26,semnat (AA30/ADD7 11.09.2026),ANIMA WINGS,CRA AYT CRA,A2 4294/4295,2026-08-10,80.0,161.40844444444446,12912.68,1899.2,2026-07-31,2026-09-05
S26,semnat (AA30/ADD7 11.09.2026),ANIMA WINGS,OTP AYT OTP,A2 4222/4223,2026-08-10,110.0,161.58,17773.8,4461.6,2026-07-31,2026-09-05
S26,semnat (AA30/ADD7 11.09.2026),ANIMA WINGS,OTP HRG OTP,A2 4104/4105,2026-08-10,180.0,240.19,41571.35,9136.73,2026-07-31,2026-09-05
S26,semnat (AA30/ADD7 11.09.2026),TAILWIND,BAY AYT BAY,TWI 414/413,2026-08-10,68.0,196.0,13328.0,1360.0,2026-07-31,2026-09-05
S26,semnat (AA30/ADD7 11.09.2026),TAILWIND,BCM AYT BCM,TWI 404/403,2026-08-10,78.0,173.0,13494.0,1833.0,2026-07-31,2026-09-05
S26,semnat (AA30/ADD7 11.09.2026),ANIMA WINGS,TSR AYT TSR,A2 4296/4297,2026-08-10,148.0,191.0,28268.0,4949.12,2026-07-31,2026-09-05
S26,semnat (AA30/ADD7 11.09.2026),ANIMA WINGS,GHV AYT GHV,A2 4224/4225,2026-08-10,128.0,182.02,23298.56,3013.12,2026-07-31,2026-09-05
S26,semnat (AA30/ADD7 11.09.2026),CORENDON,SBZ AYT SBZ,CAI9014/9013,2026-08-11,149.0,185.28,27606.72,3203.5,2026-08-01,2026-09-05
S26,semnat (AA30/ADD7 11.09.2026),ANIMA WINGS,OTP HER OTP,A2 4132/4133,2026-08-11,110.0,169.68355555555556,18665.19,3170.2,2026-08-01,2026-09-05
S26,semnat (AA30/ADD7 11.09.2026),ANIMA WINGS,IAS HER IAS,A2 4134/4135,2026-08-11,80.0,179.7055,14376.44,1744.0,2026-08-01,2026-09-05
S26,semnat (AA30/ADD7 11.09.2026),ANIMA WINGS,OTP RHO OTP,A2 4126/4127,2026-08-11,120.0,181.63116666666667,21795.74,5320.8,2026-08-01,2026-09-05
S26,semnat (AA30/ADD7 11.09.2026),ANIMA WINGS,OTP AYT OTP,A2 4238/4239,2026-08-11,180.0,161.58,29084.4,7300.8,2026-08-01,2026-09-05
S26,semnat (AA30/ADD7 11.09.2026),ANIMA WINGS,OTP MIR OTP,A2 4410/4411,2026-08-11,140.0,221.54,31015.6,7039.2,2026-08-01,2026-09-05
S26,semnat (AA30/ADD7 11.09.2026),ANIMA WINGS,GHV MIR GHV,A2 4414/4415,2026-08-11,100.0,221.54222222222222,22154.22,3326.0,2026-08-01,2026-09-05
S26,semnat (AA30/ADD7 11.09.2026),AEGEAN,CLJ RHO CLJ,A34305/4304,2026-08-11,44.0,174.54,7679.76,1995.4,2026-08-01,2026-09-05
S26,semnat (AA30/ADD7 11.09.2026),ANIMA WINGS,TSR HER TSR,A2 4138/4139,2026-08-11,98.0,190.1891891891892,18638.54,2126.6,2026-08-01,2026-09-05
S26,semnat (AA30/ADD7 11.09.2026),ANIMA WINGS,GHV HER GHV,A2 4144/4145,2026-08-11,118.0,201.88,23821.84,1392.4,2026-08-01,2026-09-05
S26,semnat (AA30/ADD7 11.09.2026),ANIMA WINGS,SBZ HER SBZ,A2 4154/4155,2026-08-11,80.0,200.18918918918922,16015.14,800.0,2026-08-01,2026-09-05
S26,semnat (AA30/ADD7 11.09.2026),TEZ/SKYEXPRESS,TGM HER TGM,GQ4813/12,2026-08-11,70.0,200.0,14000.0,665.0,2026-08-01,2026-09-05
S26,semnat (AA30/ADD7 11.09.2026),P45/AEGEAN,CLJ CHQ CLJ,A34557/4556,2026-08-11,50.0,182.0,9100.0,2197.5,2026-08-01,2026-09-05
S26,semnat (AA30/ADD7 11.09.2026),ANIMA WINGS,OTP AYT OTP,A2 4220/4221,2026-08-12,180.0,161.58,29084.4,7300.8,2026-08-02,2026-09-05
S26,semnat (AA30/ADD7 11.09.2026),ANIMA WINGS,OTP HER OTP,A2 4136/4137,2026-08-12,70.0,169.68,11877.6,2017.4,2026-08-02,2026-09-05
S26,semnat (AA30/ADD7 11.09.2026),ANIMA WINGS,CRA HER CRA,A2 4146/4147,2026-08-12,90.0,160.74,14466.6,1080.0,2026-08-02,2026-09-05
S26,semnat (AA30/ADD7 11.09.2026),ANIMA WINGS,TSR AYT TSR,A2 4292/4293,2026-08-12,48.0,191.0,9168.0,1605.12,2026-08-02,2026-09-05
S26,semnat (AA30/ADD7 11.09.2026),ANIMA WINGS,ARW AYT ARW,A2 4234/4235,2026-08-12,107.0,191.0,20437.0,2304.78,2026-08-02,2026-09-05
S26,semnat (AA30/ADD7 11.09.2026),P45/CORENDON,CND AYT CND,,2026-08-12,40.0,154.73,6189.2,880.0,2026-08-02,2026-09-05
S26,semnat (AA30/ADD7 11.09.2026),ANIMA WINGS,OTP ZTH OTP,A2 4116/4117,2026-08-13,160.0,165.47,26475.2,7134.4,2026-08-03,2026-09-05
S26,semnat (AA30/ADD7 11.09.2026),ANIMA WINGS,OTP HER OTP,A2 4148/4149,2026-08-13,100.0,169.68,16968.0,2882.0,2026-08-03,2026-09-05
S26,semnat (AA30/ADD7 11.09.2026),ANIMA WINGS,SCV HER SCV,A2 4158/4159,2026-08-13,90.0,205.97,18537.3,1062.0,2026-08-03,2026-09-05
S26,semnat (AA30/ADD7 11.09.2026),ANIMA WINGS,OTP EFL OTP,A2 4140/4141,2026-08-13,120.0,162.28,19473.6,5397.6,2026-08-03,2026-09-05
S26,semnat (AA30/ADD7 11.09.2026),ANIMA WINGS,OTP AYT OTP,A2 4264/4265,2026-08-13,110.0,161.58,17773.8,4461.6,2026-08-03,2026-09-05
S26,semnat (AA30/ADD7 11.09.2026),TAILWIND,GHV AYT GHV,TWI 408/407,2026-08-13,78.0,175.0,13650.0,1719.9,2026-08-03,2026-09-05
S26,semnat (AA30/ADD7 11.09.2026),ANIMA WINGS,TSR ZTH TSR,A2 4122/4123,2026-08-13,108.0,159.92,17271.36,4046.76,2026-08-03,2026-09-05
S26,semnat (AA30/ADD7 11.09.2026),ANIMA WINGS,CLJ ZTH CLJ,A2 4120/4121,2026-08-13,118.0,179.75,21210.5,4728.26,2026-08-03,2026-09-05
S26,semnat (AA30/ADD7 11.09.2026),ANIMA WINGS,TSR EFL TSR,A2 4160/4161,2026-08-13,118.0,173.64,20489.52,4467.48,2026-08-03,2026-09-05
S26,semnat (AA30/ADD7 11.09.2026),TEZ/SKYEXPRESS,BAY HER BAY,GQ4641/40,2026-08-13,60.0,212.0,12720.0,498.0,2026-08-03,2026-09-05
S26,semnat (AA30/ADD7 11.09.2026),AMARA/HISKY,CLJ PMI CLJ,H45407/5408,2026-08-13,40.0,247.0,9880.0,1260.0,2026-08-03,2026-09-05
S26,semnat (AA30/ADD7 11.09.2026),AMARA/HISKY,CLJ LCA CLJ,H45427/5428,2026-08-13,30.0,224.0,6720.0,1337.4,2026-08-03,2026-09-05
S26,semnat (AA30/ADD7 11.09.2026),CORENDON,SCV AYT SCV,CAI9018/9017,2026-08-14,120.0,186.78,22413.6,3272.4,2026-08-04,2026-09-05
S26,semnat (AA30/ADD7 11.09.2026),CORENDON,OMR AYT OMR,CAI9028/9027,2026-08-14,90.0,192.5,17325.0,1998.0,2026-08-04,2026-09-05
S26,semnat (AA30/ADD7 11.09.2026),CORENDON,BAY AYT BAY,CAI9020/9019,2026-08-14,119.0,196.28,23357.32,2380.0,2026-08-04,2026-09-05
S26,semnat (AA30/ADD7 11.09.2026),ANIMA WINGS,OTP AYT OTP,A2 4260/4261,2026-08-14,100.0,161.58,16158.0,4056.0,2026-08-04,2026-09-05
S26,semnat (AA30/ADD7 11.09.2026),ANIMA WINGS,OTP MIR OTP ,A2 4456/4457,2026-08-14,130.0,221.54,28800.2,6536.4,2026-08-04,2026-09-05
S26,semnat (AA30/ADD7 11.09.2026),ANIMA WINGS,CLJ MIR CLJ,A2 4420/4421,2026-08-14,150.0,197.78,29667.0,6864.0,2026-08-04,2026-09-05
S26,semnat (AA30/ADD7 11.09.2026),ANIMA WINGS,OTP AYT OTP,A2 4258/4259,2026-08-14,100.0,161.58,16158.0,4056.0,2026-08-04,2026-09-05
S26,semnat (AA30/ADD7 11.09.2026),ANIMA WINGS,GHV AYT GHV,A2 4224/4225,2026-08-14,70.0,178.96,12527.2,1647.8,2026-08-04,2026-09-05
S26,semnat (AA30/ADD7 11.09.2026),TAILWIND,CRA AYT CRA,TWI 410/409,2026-08-14,168.0,167.0,28056.0,3948.0,2026-08-04,2026-09-05
S26,semnat (AA30/ADD7 11.09.2026),TAILWIND,TGM AYT TGM,TWI 418/417,2026-08-14,80.0,189.0,15120.0,1696.0,2026-08-04,2026-09-05
S26,semnat (AA30/ADD7 11.09.2026),ANIMA WINGS,TSR AYT TSR,A2 4296/4297,2026-08-14,148.0,191.0,28268.0,4949.12,2026-08-04,2026-09-05
S26,semnat (AA30/ADD7 11.09.2026),ANIMA WINGS,TSR CFU TSR,A2 4106/4107,2026-08-14,78.0,153.03,11936.34,2922.66,2026-08-04,2026-09-05
S26,semnat (AA30/ADD7 11.09.2026),ANIMA WINGS,TSR MIR TSR,A2 4418/4419,2026-08-14,128.0,207.42,26549.76,5524.48,2026-08-04,2026-09-05
S26,semnat (AA30/ADD7 11.09.2026),ANIMA WINGS,OTP AYT OTP,A2 4220/4221,2026-08-15,148.0,176.0,26048.0,6002.88,2026-08-05,2026-09-05
S26,semnat (AA30/ADD7 11.09.2026),ANIMA WINGS,OTP HRG OTP,A2 4206/4207,2026-08-15,160.0,240.19,38430.4,8446.4,2026-08-05,2026-09-05
S26,semnat (AA30/ADD7 11.09.2026),ANIMA WINGS,CLJ HRG CLJ,A2 4208/4209,2026-08-15,70.0,259.0,18130.0,3378.9,2026-08-05,2026-09-05
S26,semnat (AA30/ADD7 11.09.2026),ANIMA WINGS,CLJ AYT CLJ,A2 4236/4237,2026-08-15,160.0,183.35,29336.0,5766.4,2026-08-05,2026-09-05
S26,semnat (AA30/ADD7 11.09.2026),ANIMA WINGS,OTP BJV OTP,A2 4250/4251,2026-08-15,90.0,157.52,14176.8,3650.4,2026-08-05,2026-09-05
S26,semnat (AA30/ADD7 11.09.2026),ANIMA WINGS,OTP AYT OTP,A2 4272/4273,2026-08-15,100.0,161.58,16158.0,4056.0,2026-08-05,2026-09-05
S26,semnat (AA30/ADD7 11.09.2026),ANIMA WINGS,TSR AYT TSR,A2 4298/4299,2026-08-15,148.0,191.0,28268.0,4949.12,2026-08-05,2026-09-05
S26,semnat (AA30/ADD7 11.09.2026),ANIMA WINGS,OTP HER OTP,A2 4132/4133,2026-08-15,118.0,180.73,21326.14,3400.76,2026-08-05,2026-09-05
S26,semnat (AA30/ADD7 11.09.2026),ANIMA WINGS,CLJ HER CLJ,A2 4142/4143,2026-08-15,118.0,200.19,23622.42,2867.4,2026-08-05,2026-09-05
S26,semnat (AA30/ADD7 11.09.2026),ANIMA WINGS,OTP RHO OTP,A2 4126/4127,2026-08-15,88.0,171.0,15048.0,3901.92,2026-08-05,2026-09-05
S26,semnat (AA30/ADD7 11.09.2026),ANIMA WINGS,TSR RHO TSR,A2 4128/4129,2026-08-15,68.0,184.78,12565.04,2530.96,2026-08-05,2026-09-05
S26,semnat (AA30/ADD7 11.09.2026),ANIMA WINGS,CRA AYT CRA,A24294/4295,2026-08-15,148.0,182.18,26962.64,3513.52,2026-08-05,2026-09-05
S26,semnat (AA30/ADD7 11.09.2026),ANIMA WINGS,TSR CHQ TSR,A2 4152/4153,2026-08-15,108.0,180.73,19518.84,3868.56,2026-08-05,2026-09-05
S26,semnat (AA30/ADD7 11.09.2026),ANIMA WINGS,OTP AYT OTP,A2 4268/4269,2026-08-15,137.0,176.0,24112.0,5556.72,2026-08-05,2026-09-05
S26,semnat (AA30/ADD7 11.09.2026),ANIMA WINGS,IAS AYT IAS,A2 4228/4229,2026-08-15,137.0,201.0,27537.0,4594.98,2026-08-05,2026-09-05
S26,semnat (AA30/ADD7 11.09.2026),ANIMA WINGS,OTP CHQ OTP,A2 4150/4151,2026-08-15,72.0,195.16,14051.52,3091.68,2026-08-05,2026-09-05
S26,semnat (AA30/ADD7 11.09.2026),CORENDON,SCV AYT SCV,CAI9022/9021,2026-08-16,169.0,186.78,31565.82,4608.63,2026-08-06,2026-09-05
S26,semnat (AA30/ADD7 11.09.2026),ANIMA WINGS,OTP PMI OTP,A2 4310/4311,2026-08-16,80.0,254.39,20351.2,2641.6,2026-08-06,2026-09-05
S26,semnat (AA30/ADD7 11.09.2026),ANIMA WINGS,IAS PMI IAS,A2 4318/4319,2026-08-16,120.0,275.73,33087.6,3120.0,2026-08-06,2026-09-05
S26,semnat (AA30/ADD7 11.09.2026),ANIMA WINGS,OTP AYT OTP,A2 4270/4271,2026-08-16,50.0,161.58,8079.0,2028.0,2026-08-06,2026-09-05
S26,semnat (AA30/ADD7 11.09.2026),ANIMA WINGS,OTP EFL OTP,A2 4140/4141,2026-08-16,90.0,162.28,14605.2,4048.2,2026-08-06,2026-09-05
S26,semnat (AA30/ADD7 11.09.2026),ANIMA WINGS,TSR HRG TSR,A2 4408/4409,2026-08-16,118.0,286.9,33854.2,5389.06,2026-08-06,2026-09-05
S26,semnat (AA30/ADD7 11.09.2026),ANIMA WINGS,TSR PMI TSR,A2 4312/4313,2026-08-16,83.0,260.05,21584.15,2149.7,2026-08-06,2026-09-05
S26,semnat (AA30/ADD7 11.09.2026),ANIMA WINGS,OTP CFU OTP,A2 4102/4103,2026-08-16,87.0,165.23,14375.01,3879.33,2026-08-06,2026-09-05
S26,semnat (AA30/ADD7 11.09.2026),CORENDON,IAS AYT IAS,CAI9006/9005,2026-08-17,129.0,182.0,23478.0,4128.0,2026-08-07,2026-09-05
S26,semnat (AA30/ADD7 11.09.2026),CORENDON,CLJ AYT CLJ,CAI9002/9001,2026-08-17,100.0,196.5,19650.0,4120.0,2026-08-07,2026-09-05
S26,semnat (AA30/ADD7 11.09.2026),ANIMA WINGS,IAS HRG IAS,A2 4212/4213,2026-08-17,160.0,263.47777777777776,42156.44,7323.2,2026-08-07,2026-09-05
S26,semnat (AA30/ADD7 11.09.2026),ANIMA WINGS,CRA AYT CRA,A2 4294/4295,2026-08-17,80.0,161.40844444444446,12912.68,1899.2,2026-08-07,2026-09-05
S26,semnat (AA30/ADD7 11.09.2026),ANIMA WINGS,OTP AYT OTP,A2 4222/4223,2026-08-17,110.0,161.58,17773.8,4461.6,2026-08-07,2026-09-05
S26,semnat (AA30/ADD7 11.09.2026),ANIMA WINGS,OTP HRG OTP,A2 4104/4105,2026-08-17,180.0,240.19,41571.35,9136.73,2026-08-07,2026-09-05
S26,semnat (AA30/ADD7 11.09.2026),TAILWIND,BAY AYT BAY,TWI 414/413,2026-08-17,68.0,196.0,13328.0,1360.0,2026-08-07,2026-09-05
S26,semnat (AA30/ADD7 11.09.2026),TAILWIND,BCM AYT BCM,TWI 404/403,2026-08-17,78.0,173.0,13494.0,1833.0,2026-08-07,2026-09-05
S26,semnat (AA30/ADD7 11.09.2026),ANIMA WINGS,TSR AYT TSR,A2 4296/4297,2026-08-17,148.0,191.0,28268.0,4949.12,2026-08-07,2026-09-05
S26,semnat (AA30/ADD7 11.09.2026),ANIMA WINGS,GHV AYT GHV,A2 4224/4225,2026-08-17,128.0,182.02,23298.56,3013.12,2026-08-07,2026-09-05
S26,semnat (AA30/ADD7 11.09.2026),CORENDON,SBZ AYT SBZ,CAI9014/9013,2026-08-18,149.0,185.28,27606.72,3203.5,2026-08-08,2026-09-05
S26,semnat (AA30/ADD7 11.09.2026),ANIMA WINGS,OTP HER OTP,A2 4132/4133,2026-08-18,110.0,169.68355555555556,18665.19,3170.2,2026-08-08,2026-09-05
S26,semnat (AA30/ADD7 11.09.2026),ANIMA WINGS,IAS HER IAS,A2 4134/4135,2026-08-18,80.0,179.7055,14376.44,1744.0,2026-08-08,2026-09-05
S26,semnat (AA30/ADD7 11.09.2026),ANIMA WINGS,OTP RHO OTP,A2 4126/4127,2026-08-18,120.0,181.63116666666667,21795.74,5320.8,2026-08-08,2026-09-05
S26,semnat (AA30/ADD7 11.09.2026),ANIMA WINGS,OTP AYT OTP,A2 4238/4239,2026-08-18,180.0,161.58,29084.4,7300.8,2026-08-08,2026-09-05
S26,semnat (AA30/ADD7 11.09.2026),ANIMA WINGS,OTP MIR OTP,A2 4410/4411,2026-08-18,140.0,221.54,31015.6,7039.2,2026-08-08,2026-09-05
S26,semnat (AA30/ADD7 11.09.2026),ANIMA WINGS,GHV MIR GHV,A2 4414/4415,2026-08-18,100.0,221.54222222222222,22154.22,3326.0,2026-08-08,2026-09-05
S26,semnat (AA30/ADD7 11.09.2026),AEGEAN,CLJ RHO CLJ,A34305/4304,2026-08-18,44.0,174.54,7679.76,1995.4,2026-08-08,2026-09-05
S26,semnat (AA30/ADD7 11.09.2026),ANIMA WINGS,TSR HER TSR,A2 4138/4139,2026-08-18,98.0,190.1891891891892,18638.54,2126.6,2026-08-08,2026-09-05
S26,semnat (AA30/ADD7 11.09.2026),ANIMA WINGS,GHV HER GHV,A2 4144/4145,2026-08-18,118.0,201.88,23821.84,1392.4,2026-08-08,2026-09-05
S26,semnat (AA30/ADD7 11.09.2026),ANIMA WINGS,SBZ HER SBZ,A2 4154/4155,2026-08-18,80.0,200.18918918918922,16015.14,800.0,2026-08-08,2026-09-05
S26,semnat (AA30/ADD7 11.09.2026),TEZ/SKYEXPRESS,TGM HER TGM,GQ4813/12,2026-08-18,70.0,200.0,14000.0,665.0,2026-08-08,2026-09-05
S26,semnat (AA30/ADD7 11.09.2026),P45/AEGEAN,CLJ CHQ CLJ,A34557/4556,2026-08-18,50.0,182.0,9100.0,2197.5,2026-08-08,2026-09-05
S26,semnat (AA30/ADD7 11.09.2026),ANIMA WINGS,OTP AYT OTP,A2 4220/4221,2026-08-19,180.0,161.58,29084.4,7300.8,2026-08-09,2026-09-05
S26,semnat (AA30/ADD7 11.09.2026),ANIMA WINGS,OTP HER OTP,A2 4136/4137,2026-08-19,70.0,169.68,11877.6,2017.4,2026-08-09,2026-09-05
S26,semnat (AA30/ADD7 11.09.2026),ANIMA WINGS,CRA HER CRA,A2 4146/4147,2026-08-19,90.0,160.74,14466.6,1080.0,2026-08-09,2026-09-05
S26,semnat (AA30/ADD7 11.09.2026),ANIMA WINGS,TSR AYT TSR,A2 4292/4293,2026-08-19,48.0,191.0,9168.0,1605.12,2026-08-09,2026-09-05
S26,semnat (AA30/ADD7 11.09.2026),ANIMA WINGS,ARW AYT ARW,A2 4234/4235,2026-08-19,107.0,191.0,20437.0,2304.78,2026-08-09,2026-09-05
S26,semnat (AA30/ADD7 11.09.2026),P45/CORENDON,CND AYT CND,,2026-08-19,40.0,154.73,6189.2,880.0,2026-08-09,2026-09-05
S26,semnat (AA30/ADD7 11.09.2026),ANIMA WINGS,OTP ZTH OTP,A2 4116/4117,2026-08-20,160.0,165.47,26475.2,7134.4,2026-08-10,2026-09-05
S26,semnat (AA30/ADD7 11.09.2026),ANIMA WINGS,OTP HER OTP,A2 4148/4149,2026-08-20,100.0,169.68,16968.0,2882.0,2026-08-10,2026-09-05
S26,semnat (AA30/ADD7 11.09.2026),ANIMA WINGS,SCV HER SCV,A2 4158/4159,2026-08-20,90.0,205.97,18537.3,1062.0,2026-08-10,2026-09-05
S26,semnat (AA30/ADD7 11.09.2026),ANIMA WINGS,OTP EFL OTP,A2 4140/4141,2026-08-20,120.0,162.28,19473.6,5397.6,2026-08-10,2026-09-05
S26,semnat (AA30/ADD7 11.09.2026),ANIMA WINGS,OTP AYT OTP,A2 4264/4265,2026-08-20,110.0,161.58,17773.8,4461.6,2026-08-10,2026-09-05
S26,semnat (AA30/ADD7 11.09.2026),TAILWIND,GHV AYT GHV,TWI 408/407,2026-08-20,78.0,175.0,13650.0,1719.9,2026-08-10,2026-09-05
S26,semnat (AA30/ADD7 11.09.2026),ANIMA WINGS,TSR ZTH TSR,A2 4122/4123,2026-08-20,108.0,159.92,17271.36,4046.76,2026-08-10,2026-09-05
S26,semnat (AA30/ADD7 11.09.2026),ANIMA WINGS,CLJ ZTH CLJ,A2 4120/4121,2026-08-20,118.0,179.75,21210.5,4728.26,2026-08-10,2026-09-05
S26,semnat (AA30/ADD7 11.09.2026),ANIMA WINGS,TSR EFL TSR,A2 4160/4161,2026-08-20,118.0,173.64,20489.52,4467.48,2026-08-10,2026-09-05
S26,semnat (AA30/ADD7 11.09.2026),TEZ/SKYEXPRESS,BAY HER BAY,GQ4641/40,2026-08-20,60.0,212.0,12720.0,498.0,2026-08-10,2026-09-05
S26,semnat (AA30/ADD7 11.09.2026),AMARA/HISKY,CLJ PMI CLJ,H45407/5408,2026-08-20,40.0,247.0,9880.0,1260.0,2026-08-10,2026-09-05
S26,semnat (AA30/ADD7 11.09.2026),AMARA/HISKY,CLJ LCA CLJ,H45427/5428,2026-08-20,30.0,224.0,6720.0,1337.4,2026-08-10,2026-09-05
S26,semnat (AA30/ADD7 11.09.2026),CORENDON,SCV AYT SCV,CAI9018/9017,2026-08-21,120.0,186.78,22413.6,3272.4,2026-08-11,2026-09-05
S26,semnat (AA30/ADD7 11.09.2026),CORENDON,OMR AYT OMR,CAI9028/9027,2026-08-21,90.0,192.5,17325.0,1998.0,2026-08-11,2026-09-05
S26,semnat (AA30/ADD7 11.09.2026),CORENDON,BAY AYT BAY,CAI9020/9019,2026-08-21,119.0,196.28,23357.32,2380.0,2026-08-11,2026-09-05
S26,semnat (AA30/ADD7 11.09.2026),ANIMA WINGS,OTP AYT OTP,A2 4260/4261,2026-08-21,100.0,161.58,16158.0,4056.0,2026-08-11,2026-09-05
S26,semnat (AA30/ADD7 11.09.2026),ANIMA WINGS,OTP MIR OTP ,A2 4456/4457,2026-08-21,130.0,221.54,28800.2,6536.4,2026-08-11,2026-09-05
S26,semnat (AA30/ADD7 11.09.2026),ANIMA WINGS,CLJ MIR CLJ,A2 4420/4421,2026-08-21,150.0,197.78,29667.0,6864.0,2026-08-11,2026-09-05
S26,semnat (AA30/ADD7 11.09.2026),ANIMA WINGS,OTP AYT OTP,A2 4258/4259,2026-08-21,100.0,161.58,16158.0,4056.0,2026-08-11,2026-09-05
S26,semnat (AA30/ADD7 11.09.2026),ANIMA WINGS,GHV AYT GHV,A2 4224/4225,2026-08-21,70.0,178.96,12527.2,1647.8,2026-08-11,2026-09-05
S26,semnat (AA30/ADD7 11.09.2026),TAILWIND,CRA AYT CRA,TWI 410/409,2026-08-21,168.0,167.0,28056.0,3948.0,2026-08-11,2026-09-05
S26,semnat (AA30/ADD7 11.09.2026),TAILWIND,TGM AYT TGM,TWI 418/417,2026-08-21,80.0,189.0,15120.0,1696.0,2026-08-11,2026-09-05
S26,semnat (AA30/ADD7 11.09.2026),ANIMA WINGS,TSR AYT TSR,A2 4296/4297,2026-08-21,148.0,191.0,28268.0,4949.12,2026-08-11,2026-09-05
S26,semnat (AA30/ADD7 11.09.2026),ANIMA WINGS,TSR CFU TSR,A2 4106/4107,2026-08-21,78.0,153.03,11936.34,2922.66,2026-08-11,2026-09-05
S26,semnat (AA30/ADD7 11.09.2026),ANIMA WINGS,TSR MIR TSR,A2 4418/4419,2026-08-21,128.0,207.42,26549.76,5524.48,2026-08-11,2026-09-05
S26,semnat (AA30/ADD7 11.09.2026),ANIMA WINGS,OTP AYT OTP,A2 4220/4221,2026-08-22,148.0,176.0,26048.0,6002.88,2026-08-12,2026-09-05
S26,semnat (AA30/ADD7 11.09.2026),ANIMA WINGS,OTP HRG OTP,A2 4206/4207,2026-08-22,160.0,240.19,38430.4,8446.4,2026-08-12,2026-09-05
S26,semnat (AA30/ADD7 11.09.2026),ANIMA WINGS,CLJ HRG CLJ,A2 4208/4209,2026-08-22,70.0,259.0,18130.0,3378.9,2026-08-12,2026-09-05
S26,semnat (AA30/ADD7 11.09.2026),ANIMA WINGS,CLJ AYT CLJ,A2 4236/4237,2026-08-22,160.0,183.35,29336.0,5766.4,2026-08-12,2026-09-05
S26,semnat (AA30/ADD7 11.09.2026),ANIMA WINGS,OTP BJV OTP,A2 4250/4251,2026-08-22,90.0,157.52,14176.8,3650.4,2026-08-12,2026-09-05
S26,semnat (AA30/ADD7 11.09.2026),ANIMA WINGS,OTP AYT OTP,A2 4272/4273,2026-08-22,100.0,161.58,16158.0,4056.0,2026-08-12,2026-09-05
S26,semnat (AA30/ADD7 11.09.2026),ANIMA WINGS,TSR AYT TSR,A2 4298/4299,2026-08-22,148.0,191.0,28268.0,4949.12,2026-08-12,2026-09-05
S26,semnat (AA30/ADD7 11.09.2026),ANIMA WINGS,OTP HER OTP,A2 4132/4133,2026-08-22,118.0,180.73,21326.14,3400.76,2026-08-12,2026-09-05
S26,semnat (AA30/ADD7 11.09.2026),ANIMA WINGS,CLJ HER CLJ,A2 4142/4143,2026-08-22,118.0,200.19,23622.42,2867.4,2026-08-12,2026-09-05
S26,semnat (AA30/ADD7 11.09.2026),ANIMA WINGS,OTP RHO OTP,A2 4126/4127,2026-08-22,88.0,171.0,15048.0,3901.92,2026-08-12,2026-09-05
S26,semnat (AA30/ADD7 11.09.2026),ANIMA WINGS,TSR RHO TSR,A2 4128/4129,2026-08-22,68.0,184.78,12565.04,2530.96,2026-08-12,2026-09-05
S26,semnat (AA30/ADD7 11.09.2026),ANIMA WINGS,CRA AYT CRA,A24294/4295,2026-08-22,148.0,182.18,26962.64,3513.52,2026-08-12,2026-09-05
S26,semnat (AA30/ADD7 11.09.2026),ANIMA WINGS,TSR CHQ TSR,A2 4152/4153,2026-08-22,108.0,180.73,19518.84,3868.56,2026-08-12,2026-09-05
S26,semnat (AA30/ADD7 11.09.2026),ANIMA WINGS,OTP AYT OTP,A2 4268/4269,2026-08-22,137.0,176.0,24112.0,5556.72,2026-08-12,2026-09-05
S26,semnat (AA30/ADD7 11.09.2026),ANIMA WINGS,IAS AYT IAS,A2 4228/4229,2026-08-22,137.0,201.0,27537.0,4594.98,2026-08-12,2026-09-05
S26,semnat (AA30/ADD7 11.09.2026),ANIMA WINGS,OTP CHQ OTP,A2 4150/4151,2026-08-22,72.0,195.16,14051.52,3091.68,2026-08-12,2026-09-05
S26,semnat (AA30/ADD7 11.09.2026),CORENDON,SCV AYT SCV,CAI9022/9021,2026-08-23,169.0,186.78,31565.82,4608.63,2026-08-13,2026-09-05
S26,semnat (AA30/ADD7 11.09.2026),ANIMA WINGS,OTP PMI OTP,A2 4310/4311,2026-08-23,80.0,254.39,20351.2,2641.6,2026-08-13,2026-09-05
S26,semnat (AA30/ADD7 11.09.2026),ANIMA WINGS,IAS PMI IAS,A2 4318/4319,2026-08-23,120.0,275.73,33087.6,3120.0,2026-08-13,2026-09-05
S26,semnat (AA30/ADD7 11.09.2026),ANIMA WINGS,OTP AYT OTP,A2 4270/4271,2026-08-23,50.0,161.58,8079.0,2028.0,2026-08-13,2026-09-05
S26,semnat (AA30/ADD7 11.09.2026),ANIMA WINGS,OTP EFL OTP,A2 4140/4141,2026-08-23,90.0,162.28,14605.2,4048.2,2026-08-13,2026-09-05
S26,semnat (AA30/ADD7 11.09.2026),ANIMA WINGS,TSR HRG TSR,A2 4408/4409,2026-08-23,118.0,286.9,33854.2,5389.06,2026-08-13,2026-09-05
S26,semnat (AA30/ADD7 11.09.2026),ANIMA WINGS,TSR PMI TSR,A2 4312/4313,2026-08-23,83.0,260.05,21584.15,2149.7,2026-08-13,2026-09-05
S26,semnat (AA30/ADD7 11.09.2026),ANIMA WINGS,OTP CFU OTP,A2 4102/4103,2026-08-23,87.0,165.23,14375.01,3879.33,2026-08-13,2026-09-05
S26,semnat (AA30/ADD7 11.09.2026),CORENDON,IAS AYT IAS,CAI9006/9005,2026-08-24,129.0,182.0,23478.0,4128.0,2026-08-14,2026-09-05
S26,semnat (AA30/ADD7 11.09.2026),CORENDON,CLJ AYT CLJ,CAI9002/9001,2026-08-24,100.0,196.5,19650.0,4120.0,2026-08-14,2026-09-05
S26,semnat (AA30/ADD7 11.09.2026),ANIMA WINGS,IAS HRG IAS,A2 4212/4213,2026-08-24,160.0,263.47777777777776,42156.44,7323.2,2026-08-14,2026-09-05
S26,semnat (AA30/ADD7 11.09.2026),ANIMA WINGS,CRA AYT CRA,A2 4294/4295,2026-08-24,80.0,161.40844444444446,12912.68,1899.2,2026-08-14,2026-09-05
S26,semnat (AA30/ADD7 11.09.2026),ANIMA WINGS,OTP AYT OTP,A2 4222/4223,2026-08-24,110.0,161.58,17773.8,4461.6,2026-08-14,2026-09-05
S26,semnat (AA30/ADD7 11.09.2026),ANIMA WINGS,OTP HRG OTP,A2 4104/4105,2026-08-24,180.0,240.19,41571.35,9136.73,2026-08-14,2026-09-05
S26,semnat (AA30/ADD7 11.09.2026),TAILWIND,BAY AYT BAY,TWI 414/413,2026-08-24,68.0,196.0,13328.0,1360.0,2026-08-14,2026-09-05
S26,semnat (AA30/ADD7 11.09.2026),TAILWIND,BCM AYT BCM,TWI 404/403,2026-08-24,78.0,173.0,13494.0,1833.0,2026-08-14,2026-09-05
S26,semnat (AA30/ADD7 11.09.2026),ANIMA WINGS,TSR AYT TSR,A2 4296/4297,2026-08-24,148.0,191.0,28268.0,4949.12,2026-08-14,2026-09-05
S26,semnat (AA30/ADD7 11.09.2026),ANIMA WINGS,GHV AYT GHV,A2 4224/4225,2026-08-24,128.0,182.02,23298.56,3013.12,2026-08-14,2026-09-05
S26,semnat (AA30/ADD7 11.09.2026),CORENDON,SBZ AYT SBZ,CAI9014/9013,2026-08-25,149.0,185.28,27606.72,3203.5,2026-08-15,2026-09-05
S26,semnat (AA30/ADD7 11.09.2026),ANIMA WINGS,OTP HER OTP,A2 4132/4133,2026-08-25,110.0,169.68355555555556,18665.19,3170.2,2026-08-15,2026-09-05
S26,semnat (AA30/ADD7 11.09.2026),ANIMA WINGS,IAS HER IAS,A2 4134/4135,2026-08-25,80.0,179.7055,14376.44,1744.0,2026-08-15,2026-09-05
S26,semnat (AA30/ADD7 11.09.2026),ANIMA WINGS,OTP RHO OTP,A2 4126/4127,2026-08-25,120.0,181.63116666666667,21795.74,5320.8,2026-08-15,2026-09-05
S26,semnat (AA30/ADD7 11.09.2026),ANIMA WINGS,OTP AYT OTP,A2 4238/4239,2026-08-25,180.0,161.58,29084.4,7300.8,2026-08-15,2026-09-05
S26,semnat (AA30/ADD7 11.09.2026),ANIMA WINGS,OTP MIR OTP,A2 4410/4411,2026-08-25,140.0,221.54,31015.6,7039.2,2026-08-15,2026-09-05
S26,semnat (AA30/ADD7 11.09.2026),ANIMA WINGS,GHV MIR GHV,A2 4414/4415,2026-08-25,100.0,221.54222222222222,22154.22,3326.0,2026-08-15,2026-09-05
S26,semnat (AA30/ADD7 11.09.2026),AEGEAN,CLJ RHO CLJ,A34305/4304,2026-08-25,44.0,174.54,7679.76,1995.4,2026-08-15,2026-09-05
S26,semnat (AA30/ADD7 11.09.2026),ANIMA WINGS,TSR HER TSR,A2 4138/4139,2026-08-25,98.0,190.1891891891892,18638.54,2126.6,2026-08-15,2026-09-05
S26,semnat (AA30/ADD7 11.09.2026),ANIMA WINGS,GHV HER GHV,A2 4144/4145,2026-08-25,118.0,201.88,23821.84,1392.4,2026-08-15,2026-09-05
S26,semnat (AA30/ADD7 11.09.2026),ANIMA WINGS,SBZ HER SBZ,A2 4154/4155,2026-08-25,80.0,200.18918918918922,16015.14,800.0,2026-08-15,2026-09-05
S26,semnat (AA30/ADD7 11.09.2026),TEZ/SKYEXPRESS,TGM HER TGM,GQ4813/12,2026-08-25,70.0,200.0,14000.0,665.0,2026-08-15,2026-09-05
S26,semnat (AA30/ADD7 11.09.2026),P45/AEGEAN,CLJ CHQ CLJ,A34557/4556,2026-08-25,50.0,182.0,9100.0,2197.5,2026-08-15,2026-09-05
S26,semnat (AA30/ADD7 11.09.2026),ANIMA WINGS,OTP AYT OTP,A2 4220/4221,2026-08-26,180.0,161.58,29084.4,7300.8,2026-08-16,2026-09-05
S26,semnat (AA30/ADD7 11.09.2026),ANIMA WINGS,OTP HER OTP,A2 4136/4137,2026-08-26,70.0,169.68,11877.6,2017.4,2026-08-16,2026-09-05
S26,semnat (AA30/ADD7 11.09.2026),ANIMA WINGS,CRA HER CRA,A2 4146/4147,2026-08-26,90.0,160.74,14466.6,1080.0,2026-08-16,2026-09-05
S26,semnat (AA30/ADD7 11.09.2026),ANIMA WINGS,TSR AYT TSR,A2 4292/4293,2026-08-26,48.0,191.0,9168.0,1605.12,2026-08-16,2026-09-05
S26,semnat (AA30/ADD7 11.09.2026),ANIMA WINGS,ARW AYT ARW,A2 4234/4235,2026-08-26,107.0,191.0,20437.0,2304.78,2026-08-16,2026-09-05
S26,semnat (AA30/ADD7 11.09.2026),P45/CORENDON,CND AYT CND,,2026-08-26,40.0,154.73,6189.2,880.0,2026-08-16,2026-09-05
S26,semnat (AA30/ADD7 11.09.2026),ANIMA WINGS,OTP ZTH OTP,A2 4116/4117,2026-08-27,160.0,165.47,26475.2,7134.4,2026-08-17,2026-09-05
S26,semnat (AA30/ADD7 11.09.2026),ANIMA WINGS,OTP HER OTP,A2 4148/4149,2026-08-27,100.0,169.68,16968.0,2882.0,2026-08-17,2026-09-05
S26,semnat (AA30/ADD7 11.09.2026),ANIMA WINGS,SCV HER SCV,A2 4158/4159,2026-08-27,90.0,205.97,18537.3,1062.0,2026-08-17,2026-09-05
S26,semnat (AA30/ADD7 11.09.2026),ANIMA WINGS,OTP EFL OTP,A2 4140/4141,2026-08-27,120.0,162.28,19473.6,5397.6,2026-08-17,2026-09-05
S26,semnat (AA30/ADD7 11.09.2026),ANIMA WINGS,OTP AYT OTP,A2 4264/4265,2026-08-27,110.0,161.58,17773.8,4461.6,2026-08-17,2026-09-05
S26,semnat (AA30/ADD7 11.09.2026),TAILWIND,GHV AYT GHV,TWI 408/407,2026-08-27,78.0,175.0,13650.0,1719.9,2026-08-17,2026-09-05
S26,semnat (AA30/ADD7 11.09.2026),ANIMA WINGS,TSR ZTH TSR,A2 4122/4123,2026-08-27,108.0,159.92,17271.36,4046.76,2026-08-17,2026-09-05
S26,semnat (AA30/ADD7 11.09.2026),ANIMA WINGS,CLJ ZTH CLJ,A2 4120/4121,2026-08-27,118.0,179.75,21210.5,4728.26,2026-08-17,2026-09-05
S26,semnat (AA30/ADD7 11.09.2026),ANIMA WINGS,TSR EFL TSR,A2 4160/4161,2026-08-27,118.0,173.64,20489.52,4467.48,2026-08-17,2026-09-05
S26,semnat (AA30/ADD7 11.09.2026),TEZ/SKYEXPRESS,BAY HER BAY,GQ4641/40,2026-08-27,60.0,212.0,12720.0,498.0,2026-08-17,2026-09-05
S26,semnat (AA30/ADD7 11.09.2026),AMARA/HISKY,CLJ PMI CLJ,H45407/5408,2026-08-27,40.0,247.0,9880.0,1260.0,2026-08-17,2026-09-05
S26,semnat (AA30/ADD7 11.09.2026),AMARA/HISKY,CLJ LCA CLJ,H45427/5428,2026-08-27,30.0,224.0,6720.0,1337.4,2026-08-17,2026-09-05
S26,semnat (AA30/ADD7 11.09.2026),CORENDON,SCV AYT SCV,CAI9018/9017,2026-08-28,120.0,186.78,22413.6,3272.4,2026-08-18,2026-09-05
S26,semnat (AA30/ADD7 11.09.2026),CORENDON,OMR AYT OMR,CAI9028/9027,2026-08-28,90.0,192.5,17325.0,1998.0,2026-08-18,2026-09-05
S26,semnat (AA30/ADD7 11.09.2026),CORENDON,BAY AYT BAY,CAI9020/9019,2026-08-28,119.0,196.28,23357.32,2380.0,2026-08-18,2026-09-05
S26,semnat (AA30/ADD7 11.09.2026),ANIMA WINGS,OTP AYT OTP,A2 4260/4261,2026-08-28,100.0,161.58,16158.0,4056.0,2026-08-18,2026-09-05
S26,semnat (AA30/ADD7 11.09.2026),ANIMA WINGS,OTP MIR OTP ,A2 4456/4457,2026-08-28,130.0,221.54,28800.2,6536.4,2026-08-18,2026-09-05
S26,semnat (AA30/ADD7 11.09.2026),ANIMA WINGS,CLJ MIR CLJ,A2 4420/4421,2026-08-28,150.0,197.78,29667.0,6864.0,2026-08-18,2026-09-05
S26,semnat (AA30/ADD7 11.09.2026),ANIMA WINGS,OTP AYT OTP,A2 4258/4259,2026-08-28,100.0,161.58,16158.0,4056.0,2026-08-18,2026-09-05
S26,semnat (AA30/ADD7 11.09.2026),ANIMA WINGS,GHV AYT GHV,A2 4224/4225,2026-08-28,70.0,178.96,12527.2,1647.8,2026-08-18,2026-09-05
S26,semnat (AA30/ADD7 11.09.2026),TAILWIND,CRA AYT CRA,TWI 410/409,2026-08-28,168.0,167.0,28056.0,3948.0,2026-08-18,2026-09-05
S26,semnat (AA30/ADD7 11.09.2026),TAILWIND,TGM AYT TGM,TWI 418/417,2026-08-28,80.0,189.0,15120.0,1696.0,2026-08-18,2026-09-05
S26,semnat (AA30/ADD7 11.09.2026),ANIMA WINGS,TSR AYT TSR,A2 4296/4297,2026-08-28,148.0,191.0,28268.0,4949.12,2026-08-18,2026-09-05
S26,semnat (AA30/ADD7 11.09.2026),ANIMA WINGS,TSR CFU TSR,A2 4106/4107,2026-08-28,78.0,153.03,11936.34,2922.66,2026-08-18,2026-09-05
S26,semnat (AA30/ADD7 11.09.2026),ANIMA WINGS,TSR MIR TSR,A2 4418/4419,2026-08-28,128.0,207.42,26549.76,5524.48,2026-08-18,2026-09-05
S26,semnat (AA30/ADD7 11.09.2026),ANIMA WINGS,OTP AYT OTP,A2 4220/4221,2026-08-29,148.0,176.0,26048.0,6002.88,2026-08-19,2026-09-05
S26,semnat (AA30/ADD7 11.09.2026),ANIMA WINGS,OTP HRG OTP,A2 4206/4207,2026-08-29,160.0,240.19,38430.4,8446.4,2026-08-19,2026-09-05
S26,semnat (AA30/ADD7 11.09.2026),ANIMA WINGS,CLJ HRG CLJ,A2 4208/4209,2026-08-29,70.0,259.0,18130.0,3378.9,2026-08-19,2026-09-05
S26,semnat (AA30/ADD7 11.09.2026),ANIMA WINGS,CLJ AYT CLJ,A2 4236/4237,2026-08-29,160.0,183.35,29336.0,5766.4,2026-08-19,2026-09-05
S26,semnat (AA30/ADD7 11.09.2026),ANIMA WINGS,OTP BJV OTP,A2 4250/4251,2026-08-29,90.0,157.52,14176.8,3650.4,2026-08-19,2026-09-05
S26,semnat (AA30/ADD7 11.09.2026),ANIMA WINGS,OTP AYT OTP,A2 4272/4273,2026-08-29,100.0,161.58,16158.0,4056.0,2026-08-19,2026-09-05
S26,semnat (AA30/ADD7 11.09.2026),ANIMA WINGS,TSR AYT TSR,A2 4298/4299,2026-08-29,148.0,191.0,28268.0,4949.12,2026-08-19,2026-09-05
S26,semnat (AA30/ADD7 11.09.2026),ANIMA WINGS,OTP HER OTP,A2 4132/4133,2026-08-29,118.0,180.73,21326.14,3400.76,2026-08-19,2026-09-05
S26,semnat (AA30/ADD7 11.09.2026),ANIMA WINGS,CLJ HER CLJ,A2 4142/4143,2026-08-29,118.0,200.19,23622.42,2867.4,2026-08-19,2026-09-05
S26,semnat (AA30/ADD7 11.09.2026),ANIMA WINGS,OTP RHO OTP,A2 4126/4127,2026-08-29,88.0,171.0,15048.0,3901.92,2026-08-19,2026-09-05
S26,semnat (AA30/ADD7 11.09.2026),ANIMA WINGS,TSR RHO TSR,A2 4128/4129,2026-08-29,68.0,184.78,12565.04,2530.96,2026-08-19,2026-09-05
S26,semnat (AA30/ADD7 11.09.2026),ANIMA WINGS,CRA AYT CRA,A24294/4295,2026-08-29,148.0,182.18,26962.64,3513.52,2026-08-19,2026-09-05
S26,semnat (AA30/ADD7 11.09.2026),ANIMA WINGS,TSR CHQ TSR,A2 4152/4153,2026-08-29,108.0,180.73,19518.84,3868.56,2026-08-19,2026-09-05
S26,semnat (AA30/ADD7 11.09.2026),ANIMA WINGS,OTP AYT OTP,A2 4268/4269,2026-08-29,137.0,176.0,24112.0,5556.72,2026-08-19,2026-09-05
S26,semnat (AA30/ADD7 11.09.2026),ANIMA WINGS,IAS AYT IAS,A2 4228/4229,2026-08-29,137.0,201.0,27537.0,4594.98,2026-08-19,2026-09-05
S26,semnat (AA30/ADD7 11.09.2026),ANIMA WINGS,OTP CHQ OTP,A2 4150/4151,2026-08-29,72.0,195.16,14051.52,3091.68,2026-08-19,2026-09-05
S26,semnat (AA30/ADD7 11.09.2026),CORENDON,SCV AYT SCV,CAI9022/9021,2026-08-30,169.0,186.78,31565.82,4608.63,2026-08-20,2026-09-05
S26,semnat (AA30/ADD7 11.09.2026),ANIMA WINGS,OTP PMI OTP,A2 4310/4311,2026-08-30,80.0,254.39,20351.2,2641.6,2026-08-20,2026-09-05
S26,semnat (AA30/ADD7 11.09.2026),ANIMA WINGS,IAS PMI IAS,A2 4318/4319,2026-08-30,120.0,275.73,33087.6,3120.0,2026-08-20,2026-09-05
S26,semnat (AA30/ADD7 11.09.2026),ANIMA WINGS,OTP AYT OTP,A2 4270/4271,2026-08-30,50.0,161.58,8079.0,2028.0,2026-08-20,2026-09-05
S26,semnat (AA30/ADD7 11.09.2026),ANIMA WINGS,OTP EFL OTP,A2 4140/4141,2026-08-30,90.0,162.28,14605.2,4048.2,2026-08-20,2026-09-05
S26,semnat (AA30/ADD7 11.09.2026),ANIMA WINGS,TSR HRG TSR,A2 4408/4409,2026-08-30,118.0,286.9,33854.2,5389.06,2026-08-20,2026-09-05
S26,semnat (AA30/ADD7 11.09.2026),ANIMA WINGS,TSR PMI TSR,A2 4312/4313,2026-08-30,83.0,260.05,21584.15,2149.7,2026-08-20,2026-09-05
S26,semnat (AA30/ADD7 11.09.2026),ANIMA WINGS,OTP CFU OTP,A2 4102/4103,2026-08-30,87.0,165.23,14375.01,3879.33,2026-08-20,2026-09-05
S26,semnat (AA30/ADD7 11.09.2026),CORENDON,IAS AYT IAS,CAI9006/9005,2026-08-31,129.0,182.0,23478.0,4128.0,2026-08-21,2026-09-05
S26,semnat (AA30/ADD7 11.09.2026),CORENDON,CLJ AYT CLJ,CAI9002/9001,2026-08-31,100.0,196.5,19650.0,4120.0,2026-08-21,2026-09-05
S26,semnat (AA30/ADD7 11.09.2026),ANIMA WINGS,IAS HRG IAS,A2 4212/4213,2026-08-31,160.0,263.47777777777776,42156.44,7323.2,2026-08-21,2026-09-05
S26,semnat (AA30/ADD7 11.09.2026),ANIMA WINGS,CRA AYT CRA,A2 4294/4295,2026-08-31,80.0,161.40844444444446,12912.68,1899.2,2026-08-21,2026-09-05
S26,semnat (AA30/ADD7 11.09.2026),ANIMA WINGS,OTP AYT OTP,A2 4222/4223,2026-08-31,110.0,161.58,17773.8,4461.6,2026-08-21,2026-09-05
S26,semnat (AA30/ADD7 11.09.2026),ANIMA WINGS,OTP HRG OTP,A2 4104/4105,2026-08-31,180.0,240.19,41571.35,9136.73,2026-08-21,2026-09-05
S26,semnat (AA30/ADD7 11.09.2026),TAILWIND,BAY AYT BAY,TWI 414/413,2026-08-31,68.0,196.0,13328.0,1360.0,2026-08-21,2026-09-05
S26,semnat (AA30/ADD7 11.09.2026),TAILWIND,BCM AYT BCM,TWI 404/403,2026-08-31,78.0,173.0,13494.0,1833.0,2026-08-21,2026-09-05
S26,semnat (AA30/ADD7 11.09.2026),ANIMA WINGS,TSR AYT TSR,A2 4296/4297,2026-08-31,148.0,191.0,28268.0,4949.12,2026-08-21,2026-09-05
S26,semnat (AA30/ADD7 11.09.2026),ANIMA WINGS,GHV AYT GHV,A2 4224/4225,2026-08-31,128.0,182.02,23298.56,3013.12,2026-08-21,2026-09-05
S26,semnat (AA30/ADD7 11.09.2026),CORENDON,SBZ AYT SBZ,CAI9014/9013,2026-09-01,149.0,185.28,27606.72,3203.5,2026-08-22,2026-10-05
S26,semnat (AA30/ADD7 11.09.2026),ANIMA WINGS,OTP HER OTP,A2 4132/4133,2026-09-01,110.0,169.68355555555556,18665.19,3170.2,2026-08-22,2026-10-05
S26,semnat (AA30/ADD7 11.09.2026),ANIMA WINGS,IAS HER IAS,A2 4134/4135,2026-09-01,80.0,179.7055,14376.44,1744.0,2026-08-22,2026-10-05
S26,semnat (AA30/ADD7 11.09.2026),ANIMA WINGS,OTP RHO OTP,A2 4126/4127,2026-09-01,120.0,181.63116666666667,21795.74,5320.8,2026-08-22,2026-10-05
S26,semnat (AA30/ADD7 11.09.2026),ANIMA WINGS,OTP AYT OTP,A2 4238/4239,2026-09-01,180.0,161.58,29084.4,7300.8,2026-08-22,2026-10-05
S26,semnat (AA30/ADD7 11.09.2026),ANIMA WINGS,OTP MIR OTP,A2 4410/4411,2026-09-01,140.0,221.54,31015.6,7039.2,2026-08-22,2026-10-05
S26,semnat (AA30/ADD7 11.09.2026),ANIMA WINGS,GHV MIR GHV,A2 4414/4415,2026-09-01,100.0,221.54222222222222,22154.22,3326.0,2026-08-22,2026-10-05
S26,semnat (AA30/ADD7 11.09.2026),AEGEAN,CLJ RHO CLJ,A34305/4304,2026-09-01,44.0,174.54,7679.76,1995.4,2026-08-22,2026-10-05
S26,semnat (AA30/ADD7 11.09.2026),ANIMA WINGS,TSR HER TSR,A2 4138/4139,2026-09-01,98.0,190.1891891891892,18638.54,2126.6,2026-08-22,2026-10-05
S26,semnat (AA30/ADD7 11.09.2026),ANIMA WINGS,GHV HER GHV,A2 4144/4145,2026-09-01,118.0,201.88,23821.84,1392.4,2026-08-22,2026-10-05
S26,semnat (AA30/ADD7 11.09.2026),ANIMA WINGS,SBZ HER SBZ,A2 4154/4155,2026-09-01,80.0,200.18918918918922,16015.14,800.0,2026-08-22,2026-10-05
S26,semnat (AA30/ADD7 11.09.2026),TEZ/SKYEXPRESS,TGM HER TGM,GQ4813/12,2026-09-01,70.0,200.0,14000.0,665.0,2026-08-22,2026-10-05
S26,semnat (AA30/ADD7 11.09.2026),P45/AEGEAN,CLJ CHQ CLJ,A34557/4556,2026-09-01,50.0,182.0,9100.0,2197.5,2026-08-22,2026-10-05
S26,semnat (AA30/ADD7 11.09.2026),ANIMA WINGS,OTP AYT OTP,A2 4220/4221,2026-09-02,180.0,161.58,29084.4,7300.8,2026-08-23,2026-10-05
S26,semnat (AA30/ADD7 11.09.2026),ANIMA WINGS,OTP HER OTP,A2 4136/4137,2026-09-02,70.0,169.68,11877.6,2017.4,2026-08-23,2026-10-05
S26,semnat (AA30/ADD7 11.09.2026),ANIMA WINGS,CRA HER CRA,A2 4146/4147,2026-09-02,90.0,160.74,14466.6,1080.0,2026-08-23,2026-10-05
S26,semnat (AA30/ADD7 11.09.2026),ANIMA WINGS,TSR AYT TSR,A2 4292/4293,2026-09-02,48.0,191.0,9168.0,1605.12,2026-08-23,2026-10-05
S26,semnat (AA30/ADD7 11.09.2026),ANIMA WINGS,ARW AYT ARW,A2 4234/4235,2026-09-02,107.0,191.0,20437.0,2304.78,2026-08-23,2026-10-05
S26,semnat (AA30/ADD7 11.09.2026),P45/CORENDON,CND AYT CND,,2026-09-02,40.0,154.73,6189.2,880.0,2026-08-23,2026-10-05
S26,semnat (AA30/ADD7 11.09.2026),ANIMA WINGS,OTP ZTH OTP,A2 4116/4117,2026-09-03,160.0,165.47,26475.2,7134.4,2026-08-24,2026-10-05
S26,semnat (AA30/ADD7 11.09.2026),ANIMA WINGS,OTP HER OTP,A2 4148/4149,2026-09-03,100.0,169.68,16968.0,2882.0,2026-08-24,2026-10-05
S26,semnat (AA30/ADD7 11.09.2026),ANIMA WINGS,SCV HER SCV,A2 4158/4159,2026-09-03,90.0,205.97,18537.3,1062.0,2026-08-24,2026-10-05
S26,semnat (AA30/ADD7 11.09.2026),ANIMA WINGS,OTP EFL OTP,A2 4140/4141,2026-09-03,120.0,162.28,19473.6,5397.6,2026-08-24,2026-10-05
S26,semnat (AA30/ADD7 11.09.2026),FREEBIRD AIRLINES,OTP AYT OTP,FH 4264/4265,2026-09-03,160.0,189.05,30248.0,6400.0,2026-08-24,2026-10-05
S26,semnat (AA30/ADD7 11.09.2026),TAILWIND,GHV AYT GHV,TWI 408/407,2026-09-03,78.0,175.0,13650.0,1719.9,2026-08-24,2026-10-05
S26,semnat (AA30/ADD7 11.09.2026),ANIMA WINGS,TSR ZTH TSR,A2 4122/4123,2026-09-03,108.0,159.92,17271.36,4046.76,2026-08-24,2026-10-05
S26,semnat (AA30/ADD7 11.09.2026),ANIMA WINGS,CLJ ZTH CLJ,A2 4120/4121,2026-09-03,118.0,179.75,21210.5,4728.26,2026-08-24,2026-10-05
S26,semnat (AA30/ADD7 11.09.2026),ANIMA WINGS,TSR EFL TSR,A2 4160/4161,2026-09-03,118.0,173.64,20489.52,4467.48,2026-08-24,2026-10-05
S26,semnat (AA30/ADD7 11.09.2026),TEZ/SKYEXPRESS,BAY HER BAY,GQ4641/40,2026-09-03,60.0,212.0,12720.0,498.0,2026-08-24,2026-10-05
S26,semnat (AA30/ADD7 11.09.2026),AMARA/HISKY,CLJ PMI CLJ,H45407/5408,2026-09-03,40.0,247.0,9880.0,1260.0,2026-08-24,2026-10-05
S26,semnat (AA30/ADD7 11.09.2026),AMARA/HISKY,CLJ LCA CLJ,H45427/5428,2026-09-03,30.0,224.0,6720.0,1337.4,2026-08-24,2026-10-05
S26,semnat (AA30/ADD7 11.09.2026),CORENDON,SCV AYT SCV,CAI9018/9017,2026-09-04,120.0,186.78,22413.6,3272.4,2026-08-25,2026-10-05
S26,semnat (AA30/ADD7 11.09.2026),CORENDON,OMR AYT OMR,CAI9028/9027,2026-09-04,90.0,192.5,17325.0,1998.0,2026-08-25,2026-10-05
S26,semnat (AA30/ADD7 11.09.2026),CORENDON,BAY AYT BAY,CAI9020/9019,2026-09-04,119.0,196.28,23357.32,2380.0,2026-08-25,2026-10-05
S26,semnat (AA30/ADD7 11.09.2026),ANIMA WINGS,OTP AYT OTP,A2 4260/4261,2026-09-04,100.0,161.58,16158.0,4056.0,2026-08-25,2026-10-05
S26,semnat (AA30/ADD7 11.09.2026),ANIMA WINGS,OTP MIR OTP ,A2 4456/4457,2026-09-04,130.0,221.54,28800.2,6536.4,2026-08-25,2026-10-05
S26,semnat (AA30/ADD7 11.09.2026),ANIMA WINGS,CLJ MIR CLJ,A2 4420/4421,2026-09-04,150.0,197.78,29667.0,6864.0,2026-08-25,2026-10-05
S26,semnat (AA30/ADD7 11.09.2026),FREEBIRD AIRLINES,OTP AYT OTP,FH 4258/4259,2026-09-04,100.0,205.53,20553.0,4000.0,2026-08-25,2026-10-05
S26,semnat (AA30/ADD7 11.09.2026),FREEBIRD AIRLINES,GHV AYT GHV,FH 4224/4225,2026-09-04,150.0,191.0,28650.0,3495.0,2026-08-25,2026-10-05
S26,semnat (AA30/ADD7 11.09.2026),TAILWIND,CRA AYT CRA,TWI 410/409,2026-09-04,168.0,167.0,28056.0,3948.0,2026-08-25,2026-10-05
S26,semnat (AA30/ADD7 11.09.2026),TAILWIND,TGM AYT TGM,TWI 418/417,2026-09-04,80.0,189.0,15120.0,1696.0,2026-08-25,2026-10-05
S26,semnat (AA30/ADD7 11.09.2026),ANIMA WINGS,TSR AYT TSR,A2 4296/4297,2026-09-04,148.0,191.0,28268.0,4949.12,2026-08-25,2026-10-05
S26,semnat (AA30/ADD7 11.09.2026),ANIMA WINGS,TSR CFU TSR,A2 4106/4107,2026-09-04,78.0,153.03,11936.34,2922.66,2026-08-25,2026-10-05
S26,semnat (AA30/ADD7 11.09.2026),ANIMA WINGS,TSR MIR TSR,A2 4418/4419,2026-09-04,128.0,207.42,26549.76,5524.48,2026-08-25,2026-10-05
S26,semnat (AA30/ADD7 11.09.2026),ANIMA WINGS,OTP AYT OTP,A2 4220/4221,2026-09-05,148.0,176.0,26048.0,6002.88,2026-08-26,2026-10-05
S26,semnat (AA30/ADD7 11.09.2026),ANIMA WINGS,OTP HRG OTP,A2 4206/4207,2026-09-05,160.0,240.19,38430.4,8446.4,2026-08-26,2026-10-05
S26,semnat (AA30/ADD7 11.09.2026),ANIMA WINGS,CLJ HRG CLJ,A2 4208/4209,2026-09-05,70.0,259.0,18130.0,3378.9,2026-08-26,2026-10-05
S26,semnat (AA30/ADD7 11.09.2026),ANIMA WINGS,CLJ AYT CLJ,A2 4236/4237,2026-09-05,160.0,183.35,29336.0,5766.4,2026-08-26,2026-10-05
S26,semnat (AA30/ADD7 11.09.2026),ANIMA WINGS,OTP BJV OTP,A2 4250/4251,2026-09-05,90.0,157.52,14176.8,3650.4,2026-08-26,2026-10-05
S26,semnat (AA30/ADD7 11.09.2026),ANIMA WINGS,OTP AYT OTP,A2 4272/4273,2026-09-05,100.0,161.58,16158.0,4056.0,2026-08-26,2026-10-05
S26,semnat (AA30/ADD7 11.09.2026),ANIMA WINGS,TSR AYT TSR,A2 4298/4299,2026-09-05,148.0,191.0,28268.0,4949.12,2026-08-26,2026-10-05
S26,semnat (AA30/ADD7 11.09.2026),ANIMA WINGS,OTP HER OTP,A2 4132/4133,2026-09-05,118.0,180.73,21326.14,3400.76,2026-08-26,2026-10-05
S26,semnat (AA30/ADD7 11.09.2026),ANIMA WINGS,CLJ HER CLJ,A2 4142/4143,2026-09-05,118.0,200.19,23622.42,2867.4,2026-08-26,2026-10-05
S26,semnat (AA30/ADD7 11.09.2026),ANIMA WINGS,OTP RHO OTP,A2 4126/4127,2026-09-05,88.0,171.0,15048.0,3901.92,2026-08-26,2026-10-05
S26,semnat (AA30/ADD7 11.09.2026),ANIMA WINGS,TSR RHO TSR,A2 4128/4129,2026-09-05,68.0,184.78,12565.04,2530.96,2026-08-26,2026-10-05
S26,semnat (AA30/ADD7 11.09.2026),ANIMA WINGS,CRA AYT CRA,A24294/4295,2026-09-05,148.0,182.18,26962.64,3513.52,2026-08-26,2026-10-05
S26,semnat (AA30/ADD7 11.09.2026),ANIMA WINGS,TSR CHQ TSR,A2 4152/4153,2026-09-05,108.0,180.73,19518.84,3868.56,2026-08-26,2026-10-05
S26,semnat (AA30/ADD7 11.09.2026),ANIMA WINGS,OTP AYT OTP,A2 4268/4269,2026-09-05,137.0,176.0,24112.0,5556.72,2026-08-26,2026-10-05
S26,semnat (AA30/ADD7 11.09.2026),ANIMA WINGS,IAS AYT IAS,A2 4228/4229,2026-09-05,137.0,201.0,27537.0,4594.98,2026-08-26,2026-10-05
S26,semnat (AA30/ADD7 11.09.2026),ANIMA WINGS,OTP CHQ OTP,A2 4150/4151,2026-09-05,72.0,195.16,14051.52,3091.68,2026-08-26,2026-10-05
S26,semnat (AA30/ADD7 11.09.2026),CORENDON,SCV AYT SCV,CAI9022/9021,2026-09-06,169.0,186.78,31565.82,4608.63,2026-08-27,2026-10-05
S26,semnat (AA30/ADD7 11.09.2026),ANIMA WINGS,OTP PMI OTP,A2 4310/4311,2026-09-06,80.0,254.39,20351.2,2641.6,2026-08-27,2026-10-05
S26,semnat (AA30/ADD7 11.09.2026),ANIMA WINGS,IAS PMI IAS,A2 4318/4319,2026-09-06,120.0,275.73,33087.6,3120.0,2026-08-27,2026-10-05
S26,semnat (AA30/ADD7 11.09.2026),FREEBIRD AIRLINES,OTP AYT OTP,FH 4270/4271,2026-09-06,100.0,317.0,31700.0,4000.0,2026-08-27,2026-10-05
S26,semnat (AA30/ADD7 11.09.2026),ANIMA WINGS,OTP EFL OTP,A2 4140/4141,2026-09-06,90.0,162.28,14605.2,4048.2,2026-08-27,2026-10-05
S26,semnat (AA30/ADD7 11.09.2026),ANIMA WINGS,TSR HRG TSR,A2 4408/4409,2026-09-06,118.0,286.9,33854.2,5389.06,2026-08-27,2026-10-05
S26,semnat (AA30/ADD7 11.09.2026),ANIMA WINGS,TSR PMI TSR,A2 4312/4313,2026-09-06,83.0,260.05,21584.15,2149.7,2026-08-27,2026-10-05
S26,semnat (AA30/ADD7 11.09.2026),ANIMA WINGS,OTP CFU OTP,A2 4102/4103,2026-09-06,87.0,165.23,14375.01,3879.33,2026-08-27,2026-10-05
S26,semnat (AA30/ADD7 11.09.2026),CORENDON,IAS AYT IAS,CAI9006/9005,2026-09-07,129.0,182.0,23478.0,4128.0,2026-08-28,2026-10-05
S26,semnat (AA30/ADD7 11.09.2026),CORENDON,CLJ AYT CLJ,CAI9002/9001,2026-09-07,100.0,196.5,19650.0,4120.0,2026-08-28,2026-10-05
S26,semnat (AA30/ADD7 11.09.2026),ANIMA WINGS,IAS HRG IAS,A2 4212/4213,2026-09-07,160.0,263.47777777777776,42156.44,7323.2,2026-08-28,2026-10-05
S26,semnat (AA30/ADD7 11.09.2026),FREEBIRD AIRLINES,CRA AYT CRA,FH 4294/4295,2026-09-07,140.0,196.88,27563.2,3290.0,2026-08-28,2026-10-05
S26,semnat (AA30/ADD7 11.09.2026),FREEBIRD AIRLINES,OTP AYT OTP,FH 4222/4223,2026-09-07,160.0,189.05,30248.0,6451.2,2026-08-28,2026-10-05
S26,semnat (AA30/ADD7 11.09.2026),ANIMA WINGS,OTP HRG OTP,A2 4104/4105,2026-09-07,180.0,240.19,41571.35,9136.73,2026-08-28,2026-10-05
S26,semnat (AA30/ADD7 11.09.2026),TAILWIND,BAY AYT BAY,TWI 414/413,2026-09-07,68.0,196.0,13328.0,1360.0,2026-08-28,2026-10-05
S26,semnat (AA30/ADD7 11.09.2026),TAILWIND,BCM AYT BCM,TWI 404/403,2026-09-07,78.0,173.0,13494.0,1833.0,2026-08-28,2026-10-05
S26,semnat (AA30/ADD7 11.09.2026),ANIMA WINGS,TSR AYT TSR,A2 4296/4297,2026-09-07,148.0,191.0,28268.0,4949.12,2026-08-28,2026-10-05
S26,semnat (AA30/ADD7 11.09.2026),ANIMA WINGS,GHV AYT GHV,A2 4224/4225,2026-09-07,128.0,182.02,23298.56,3013.12,2026-08-28,2026-10-05
S26,semnat (AA30/ADD7 11.09.2026),CORENDON,SBZ AYT SBZ,CAI9014/9013,2026-09-08,149.0,185.28,27606.72,3203.5,2026-08-29,2026-10-05
S26,semnat (AA30/ADD7 11.09.2026),ANIMA WINGS,OTP HER OTP,A2 4132/4133,2026-09-08,110.0,169.68355555555556,18665.19,3170.2,2026-08-29,2026-10-05
S26,semnat (AA30/ADD7 11.09.2026),ANIMA WINGS,IAS HER IAS,A2 4134/4135,2026-09-08,80.0,179.7055,14376.44,1744.0,2026-08-29,2026-10-05
S26,semnat (AA30/ADD7 11.09.2026),ANIMA WINGS,OTP RHO OTP,A2 4126/4127,2026-09-08,120.0,181.63116666666667,21795.74,5320.8,2026-08-29,2026-10-05
S26,semnat (AA30/ADD7 11.09.2026),ANIMA WINGS,OTP AYT OTP,A2 4238/4239,2026-09-08,180.0,161.58,29084.4,7300.8,2026-08-29,2026-10-05
S26,semnat (AA30/ADD7 11.09.2026),ANIMA WINGS,OTP MIR OTP,A2 4410/4411,2026-09-08,140.0,221.54,31015.6,7039.2,2026-08-29,2026-10-05
S26,semnat (AA30/ADD7 11.09.2026),ANIMA WINGS,GHV MIR GHV,A2 4414/4415,2026-09-08,100.0,221.54222222222222,22154.22,3326.0,2026-08-29,2026-10-05
S26,semnat (AA30/ADD7 11.09.2026),AEGEAN,CLJ RHO CLJ,A34305/4304,2026-09-08,44.0,174.54,7679.76,1995.4,2026-08-29,2026-10-05
S26,semnat (AA30/ADD7 11.09.2026),ANIMA WINGS,TSR HER TSR,A2 4138/4139,2026-09-08,98.0,190.1891891891892,18638.54,2126.6,2026-08-29,2026-10-05
S26,semnat (AA30/ADD7 11.09.2026),ANIMA WINGS,GHV HER GHV,A2 4144/4145,2026-09-08,118.0,201.88,23821.84,1392.4,2026-08-29,2026-10-05
S26,semnat (AA30/ADD7 11.09.2026),ANIMA WINGS,SBZ HER SBZ,A2 4154/4155,2026-09-08,80.0,200.18918918918922,16015.14,800.0,2026-08-29,2026-10-05
S26,semnat (AA30/ADD7 11.09.2026),TEZ/SKYEXPRESS,TGM HER TGM,GQ4813/12,2026-09-08,70.0,200.0,14000.0,665.0,2026-08-29,2026-10-05
S26,semnat (AA30/ADD7 11.09.2026),P45/AEGEAN,CLJ CHQ CLJ,A34557/4556,2026-09-08,50.0,182.0,9100.0,2197.5,2026-08-29,2026-10-05
S26,semnat (AA30/ADD7 11.09.2026),ANIMA WINGS,OTP AYT OTP,A2 4220/4221,2026-09-09,180.0,161.58,29084.4,7300.8,2026-08-30,2026-10-05
S26,semnat (AA30/ADD7 11.09.2026),ANIMA WINGS,OTP HER OTP,A2 4136/4137,2026-09-09,70.0,169.68,11877.6,2017.4,2026-08-30,2026-10-05
S26,semnat (AA30/ADD7 11.09.2026),ANIMA WINGS,CRA HER CRA,A2 4146/4147,2026-09-09,90.0,160.74,14466.6,1080.0,2026-08-30,2026-10-05
S26,semnat (AA30/ADD7 11.09.2026),ANIMA WINGS,TSR AYT TSR,A2 4292/4293,2026-09-09,48.0,191.0,9168.0,1605.12,2026-08-30,2026-10-05
S26,semnat (AA30/ADD7 11.09.2026),ANIMA WINGS,ARW AYT ARW,A2 4234/4235,2026-09-09,107.0,191.0,20437.0,2304.78,2026-08-30,2026-10-05
S26,semnat (AA30/ADD7 11.09.2026),P45/CORENDON,CND AYT CND,,2026-09-09,40.0,154.73,6189.2,880.0,2026-08-30,2026-10-05
S26,semnat (AA30/ADD7 11.09.2026),ANIMA WINGS,OTP ZTH OTP,A2 4116/4117,2026-09-10,160.0,165.47,26475.2,7134.4,2026-08-31,2026-10-05
S26,semnat (AA30/ADD7 11.09.2026),ANIMA WINGS,OTP HER OTP,A2 4148/4149,2026-09-10,100.0,169.68,16968.0,2882.0,2026-08-31,2026-10-05
S26,semnat (AA30/ADD7 11.09.2026),ANIMA WINGS,SCV HER SCV,A2 4158/4159,2026-09-10,90.0,205.97,18537.3,1062.0,2026-08-31,2026-10-05
S26,semnat (AA30/ADD7 11.09.2026),ANIMA WINGS,OTP EFL OTP,A2 4140/4141,2026-09-10,120.0,162.28,19473.6,5397.6,2026-08-31,2026-10-05
S26,semnat (AA30/ADD7 11.09.2026),ANIMA WINGS,OTP AYT OTP,A2 4264/4265,2026-09-10,110.0,161.58,17773.8,4461.6,2026-08-31,2026-10-05
S26,semnat (AA30/ADD7 11.09.2026),TAILWIND,GHV AYT GHV,TWI 408/407,2026-09-10,78.0,175.0,13650.0,1719.9,2026-08-31,2026-10-05
S26,semnat (AA30/ADD7 11.09.2026),ANIMA WINGS,TSR ZTH TSR,A2 4122/4123,2026-09-10,108.0,159.92,17271.36,4046.76,2026-08-31,2026-10-05
S26,semnat (AA30/ADD7 11.09.2026),ANIMA WINGS,CLJ ZTH CLJ,A2 4120/4121,2026-09-10,118.0,179.75,21210.5,4728.26,2026-08-31,2026-10-05
S26,semnat (AA30/ADD7 11.09.2026),ANIMA WINGS,TSR EFL TSR,A2 4160/4161,2026-09-10,118.0,173.64,20489.52,4467.48,2026-08-31,2026-10-05
S26,semnat (AA30/ADD7 11.09.2026),TEZ/SKYEXPRESS,BAY HER BAY,GQ4641/40,2026-09-10,60.0,212.0,12720.0,498.0,2026-08-31,2026-10-05
S26,semnat (AA30/ADD7 11.09.2026),AMARA/HISKY,CLJ PMI CLJ,H45407/5408,2026-09-10,40.0,247.0,9880.0,1260.0,2026-08-31,2026-10-05
S26,semnat (AA30/ADD7 11.09.2026),AMARA/HISKY,CLJ LCA CLJ,H45427/5428,2026-09-10,30.0,224.0,6720.0,1337.4,2026-08-31,2026-10-05
S26,semnat (AA30/ADD7 11.09.2026),CORENDON,SCV AYT SCV,CAI9018/9017,2026-09-11,120.0,186.78,22413.6,3272.4,2026-09-01,2026-10-05
S26,semnat (AA30/ADD7 11.09.2026),CORENDON,OMR AYT OMR,CAI9028/9027,2026-09-11,90.0,192.5,17325.0,1998.0,2026-09-01,2026-10-05
S26,semnat (AA30/ADD7 11.09.2026),CORENDON,BAY AYT BAY,CAI9020/9019,2026-09-11,119.0,196.28,23357.32,2380.0,2026-09-01,2026-10-05
S26,semnat (AA30/ADD7 11.09.2026),ANIMA WINGS,OTP AYT OTP,A2 4260/4261,2026-09-11,100.0,161.58,16158.0,4056.0,2026-09-01,2026-10-05
S26,semnat (AA30/ADD7 11.09.2026),ANIMA WINGS,OTP MIR OTP ,A2 4456/4457,2026-09-11,130.0,221.54,28800.2,6536.4,2026-09-01,2026-10-05
S26,semnat (AA30/ADD7 11.09.2026),ANIMA WINGS,CLJ MIR CLJ,A2 4420/4421,2026-09-11,150.0,197.78,29667.0,6864.0,2026-09-01,2026-10-05
S26,semnat (AA30/ADD7 11.09.2026),FREEBIRD AIRLINES,OTP AYT OTP,FH 4258/4259,2026-09-11,100.0,205.53,20553.0,4000.0,2026-09-01,2026-10-05
S26,semnat (AA30/ADD7 11.09.2026),FREEBIRD AIRLINES,GHV AYT GHV,FH 4224/4225,2026-09-11,150.0,191.0,28650.0,3495.0,2026-09-01,2026-10-05
S26,semnat (AA30/ADD7 11.09.2026),TAILWIND,CRA AYT CRA,TWI 410/409,2026-09-11,168.0,167.0,28056.0,3948.0,2026-09-01,2026-10-05
S26,semnat (AA30/ADD7 11.09.2026),TAILWIND,TGM AYT TGM,TWI 418/417,2026-09-11,80.0,189.0,15120.0,1696.0,2026-09-01,2026-10-05
S26,semnat (AA30/ADD7 11.09.2026),ANIMA WINGS,TSR AYT TSR,A2 4296/4297,2026-09-11,148.0,191.0,28268.0,4949.12,2026-09-01,2026-10-05
S26,semnat (AA30/ADD7 11.09.2026),ANIMA WINGS,TSR CFU TSR,A2 4106/4107,2026-09-11,78.0,153.03,11936.34,2922.66,2026-09-01,2026-10-05
S26,semnat (AA30/ADD7 11.09.2026),ANIMA WINGS,TSR MIR TSR,A2 4418/4419,2026-09-11,128.0,207.42,26549.76,5524.48,2026-09-01,2026-10-05
S26,semnat (AA30/ADD7 11.09.2026),ANIMA WINGS,OTP AYT OTP,A2 4220/4221,2026-09-12,148.0,176.0,26048.0,6002.88,2026-09-02,2026-10-05
S26,semnat (AA30/ADD7 11.09.2026),ANIMA WINGS,OTP HRG OTP,A2 4206/4207,2026-09-12,160.0,240.19,38430.4,8446.4,2026-09-02,2026-10-05
S26,semnat (AA30/ADD7 11.09.2026),ANIMA WINGS,CLJ HRG CLJ,A2 4208/4209,2026-09-12,70.0,259.0,18130.0,3378.9,2026-09-02,2026-10-05
S26,semnat (AA30/ADD7 11.09.2026),ANIMA WINGS,CLJ AYT CLJ,A2 4236/4237,2026-09-12,160.0,183.35,29336.0,5766.4,2026-09-02,2026-10-05
S26,semnat (AA30/ADD7 11.09.2026),ANIMA WINGS,OTP BJV OTP,A2 4250/4251,2026-09-12,90.0,157.52,14176.8,3650.4,2026-09-02,2026-10-05
S26,semnat (AA30/ADD7 11.09.2026),ANIMA WINGS,OTP AYT OTP,A2 4272/4273,2026-09-12,100.0,161.58,16158.0,4056.0,2026-09-02,2026-10-05
S26,semnat (AA30/ADD7 11.09.2026),ANIMA WINGS,TSR AYT TSR,A2 4298/4299,2026-09-12,148.0,191.0,28268.0,4949.12,2026-09-02,2026-10-05
S26,semnat (AA30/ADD7 11.09.2026),ANIMA WINGS,OTP HER OTP,A2 4132/4133,2026-09-12,118.0,180.73,21326.14,3400.76,2026-09-02,2026-10-05
S26,semnat (AA30/ADD7 11.09.2026),ANIMA WINGS,CLJ HER CLJ,A2 4142/4143,2026-09-12,118.0,200.19,23622.42,2867.4,2026-09-02,2026-10-05
S26,semnat (AA30/ADD7 11.09.2026),ANIMA WINGS,OTP RHO OTP,A2 4126/4127,2026-09-12,88.0,171.0,15048.0,3901.92,2026-09-02,2026-10-05
S26,semnat (AA30/ADD7 11.09.2026),ANIMA WINGS,TSR RHO TSR,A2 4128/4129,2026-09-12,68.0,184.78,12565.04,2530.96,2026-09-02,2026-10-05
S26,semnat (AA30/ADD7 11.09.2026),ANIMA WINGS,CRA AYT CRA,A24294/4295,2026-09-12,148.0,182.18,26962.64,3513.52,2026-09-02,2026-10-05
S26,semnat (AA30/ADD7 11.09.2026),ANIMA WINGS,TSR CHQ TSR,A2 4152/4153,2026-09-12,108.0,180.73,19518.84,3868.56,2026-09-02,2026-10-05
S26,semnat (AA30/ADD7 11.09.2026),ANIMA WINGS,OTP AYT OTP,A2 4268/4269,2026-09-12,137.0,176.0,24112.0,5556.72,2026-09-02,2026-10-05
S26,semnat (AA30/ADD7 11.09.2026),ANIMA WINGS,IAS AYT IAS,A2 4228/4229,2026-09-12,137.0,201.0,27537.0,4594.98,2026-09-02,2026-10-05
S26,semnat (AA30/ADD7 11.09.2026),ANIMA WINGS,OTP CHQ OTP,A2 4150/4151,2026-09-12,72.0,195.16,14051.52,3091.68,2026-09-02,2026-10-05
S26,semnat (AA30/ADD7 11.09.2026),CORENDON,SCV AYT SCV,CAI9022/9021,2026-09-13,169.0,186.78,31565.82,4608.63,2026-09-03,2026-10-05
S26,semnat (AA30/ADD7 11.09.2026),ANIMA WINGS,OTP PMI OTP,A2 4310/4311,2026-09-13,80.0,254.39,20351.2,2641.6,2026-09-03,2026-10-05
S26,semnat (AA30/ADD7 11.09.2026),ANIMA WINGS,IAS PMI IAS,A2 4318/4319,2026-09-13,120.0,275.73,33087.6,3120.0,2026-09-03,2026-10-05
S26,semnat (AA30/ADD7 11.09.2026),FREEBIRD AIRLINES,OTP AYT OTP,FH 4270/4271,2026-09-13,100.0,317.0,31700.0,4000.0,2026-09-03,2026-10-05
S26,semnat (AA30/ADD7 11.09.2026),ANIMA WINGS,OTP EFL OTP,A2 4140/4141,2026-09-13,90.0,162.28,14605.2,4048.2,2026-09-03,2026-10-05
S26,semnat (AA30/ADD7 11.09.2026),ANIMA WINGS,TSR HRG TSR,A2 4408/4409,2026-09-13,118.0,286.9,33854.2,5389.06,2026-09-03,2026-10-05
S26,semnat (AA30/ADD7 11.09.2026),ANIMA WINGS,TSR PMI TSR,A2 4312/4313,2026-09-13,83.0,260.05,21584.15,2149.7,2026-09-03,2026-10-05
S26,semnat (AA30/ADD7 11.09.2026),ANIMA WINGS,OTP CFU OTP,A2 4102/4103,2026-09-13,87.0,165.23,14375.01,3879.33,2026-09-03,2026-10-05
S26,semnat (AA30/ADD7 11.09.2026),CORENDON,IAS AYT IAS,CAI9006/9005,2026-09-14,129.0,182.0,23478.0,4128.0,2026-09-04,2026-10-05
S26,semnat (AA30/ADD7 11.09.2026),CORENDON,CLJ AYT CLJ,CAI9002/9001,2026-09-14,100.0,196.5,19650.0,4120.0,2026-09-04,2026-10-05
S26,semnat (AA30/ADD7 11.09.2026),ANIMA WINGS,IAS HRG IAS,A2 4212/4213,2026-09-14,160.0,263.47777777777776,42156.44,7323.2,2026-09-04,2026-10-05
S26,semnat (AA30/ADD7 11.09.2026),ANIMA WINGS,CRA AYT CRA,A2 4294/4295,2026-09-14,80.0,161.40844444444446,12912.68,1899.2,2026-09-04,2026-10-05
S26,semnat (AA30/ADD7 11.09.2026),ANIMA WINGS,OTP AYT OTP,A2 4222/4223,2026-09-14,110.0,161.58,17773.8,4461.6,2026-09-04,2026-10-05
S26,semnat (AA30/ADD7 11.09.2026),ANIMA WINGS,OTP HRG OTP,A2 4104/4105,2026-09-14,180.0,240.19,41571.35,9136.73,2026-09-04,2026-10-05
S26,semnat (AA30/ADD7 11.09.2026),TAILWIND,BAY AYT BAY,TWI 414/413,2026-09-14,68.0,196.0,13328.0,1360.0,2026-09-04,2026-10-05
S26,semnat (AA30/ADD7 11.09.2026),TAILWIND,BCM AYT BCM,TWI 404/403,2026-09-14,78.0,173.0,13494.0,1833.0,2026-09-04,2026-10-05
S26,semnat (AA30/ADD7 11.09.2026),ANIMA WINGS,TSR AYT TSR,A2 4296/4297,2026-09-14,148.0,191.0,28268.0,4949.12,2026-09-04,2026-10-05
S26,semnat (AA30/ADD7 11.09.2026),ANIMA WINGS,GHV AYT GHV,A2 4224/4225,2026-09-14,128.0,182.02,23298.56,3013.12,2026-09-04,2026-10-05
S26,semnat (AA30/ADD7 11.09.2026),CORENDON,SBZ AYT SBZ,CAI9014/9013,2026-09-15,149.0,185.28,27606.72,3203.5,2026-09-05,2026-10-05
S26,semnat (AA30/ADD7 11.09.2026),ANIMA WINGS,OTP HER OTP,A2 4132/4133,2026-09-15,110.0,169.68355555555556,18665.19,3170.2,2026-09-05,2026-10-05
S26,semnat (AA30/ADD7 11.09.2026),ANIMA WINGS,IAS HER IAS,A2 4134/4135,2026-09-15,80.0,179.7055,14376.44,1744.0,2026-09-05,2026-10-05
S26,semnat (AA30/ADD7 11.09.2026),ANIMA WINGS,OTP RHO OTP,A2 4126/4127,2026-09-15,120.0,181.63116666666667,21795.74,5320.8,2026-09-05,2026-10-05
S26,semnat (AA30/ADD7 11.09.2026),ANIMA WINGS,OTP AYT OTP,A2 4238/4239,2026-09-15,180.0,161.58,29084.4,7300.8,2026-09-05,2026-10-05
S26,semnat (AA30/ADD7 11.09.2026),ANIMA WINGS,OTP MIR OTP,A2 4410/4411,2026-09-15,140.0,221.54,31015.6,7039.2,2026-09-05,2026-10-05
S26,semnat (AA30/ADD7 11.09.2026),ANIMA WINGS,GHV MIR GHV,A2 4414/4415,2026-09-15,100.0,221.54222222222222,22154.22,3326.0,2026-09-05,2026-10-05
S26,semnat (AA30/ADD7 11.09.2026),AEGEAN,CLJ RHO CLJ,A34305/4304,2026-09-15,44.0,174.54,7679.76,1995.4,2026-09-05,2026-10-05
S26,semnat (AA30/ADD7 11.09.2026),ANIMA WINGS,TSR HER TSR,A2 4138/4139,2026-09-15,98.0,190.1891891891892,18638.54,2126.6,2026-09-05,2026-10-05
S26,semnat (AA30/ADD7 11.09.2026),ANIMA WINGS,GHV HER GHV,A2 4144/4145,2026-09-15,118.0,201.88,23821.84,1392.4,2026-09-05,2026-10-05
S26,semnat (AA30/ADD7 11.09.2026),ANIMA WINGS,SBZ HER SBZ,A2 4154/4155,2026-09-15,80.0,200.18918918918922,16015.14,800.0,2026-09-05,2026-10-05
S26,semnat (AA30/ADD7 11.09.2026),TEZ/SKYEXPRESS,TGM HER TGM,GQ4813/12,2026-09-15,70.0,200.0,14000.0,665.0,2026-09-05,2026-10-05
S26,semnat (AA30/ADD7 11.09.2026),P45/AEGEAN,CLJ CHQ CLJ,A34557/4556,2026-09-15,50.0,182.0,9100.0,2197.5,2026-09-05,2026-10-05
S26,semnat (AA30/ADD7 11.09.2026),ANIMA WINGS,OTP AYT OTP,A2 4220/4221,2026-09-16,180.0,161.58,29084.4,7300.8,2026-09-06,2026-10-05
S26,semnat (AA30/ADD7 11.09.2026),ANIMA WINGS,OTP HER OTP,A2 4136/4137,2026-09-16,70.0,169.68,11877.6,2017.4,2026-09-06,2026-10-05
S26,semnat (AA30/ADD7 11.09.2026),ANIMA WINGS,CRA HER CRA,A2 4146/4147,2026-09-16,90.0,160.74,14466.6,1080.0,2026-09-06,2026-10-05
S26,semnat (AA30/ADD7 11.09.2026),ANIMA WINGS,TSR AYT TSR,A2 4292/4293,2026-09-16,48.0,191.0,9168.0,1605.12,2026-09-06,2026-10-05
S26,semnat (AA30/ADD7 11.09.2026),ANIMA WINGS,ARW AYT ARW,A2 4234/4235,2026-09-16,107.0,191.0,20437.0,2304.78,2026-09-06,2026-10-05
S26,semnat (AA30/ADD7 11.09.2026),P45/CORENDON,CND AYT CND,,2026-09-16,40.0,154.73,6189.2,880.0,2026-09-06,2026-10-05
S26,semnat (AA30/ADD7 11.09.2026),ANIMA WINGS,OTP ZTH OTP,A2 4116/4117,2026-09-17,160.0,165.47,26475.2,7134.4,2026-09-07,2026-10-05
S26,semnat (AA30/ADD7 11.09.2026),ANIMA WINGS,OTP HER OTP,A2 4148/4149,2026-09-17,100.0,169.68,16968.0,2882.0,2026-09-07,2026-10-05
S26,semnat (AA30/ADD7 11.09.2026),ANIMA WINGS,SCV HER SCV,A2 4158/4159,2026-09-17,90.0,205.97,18537.3,1062.0,2026-09-07,2026-10-05
S26,semnat (AA30/ADD7 11.09.2026),ANIMA WINGS,OTP EFL OTP,A2 4140/4141,2026-09-17,120.0,162.28,19473.6,5397.6,2026-09-07,2026-10-05
S26,semnat (AA30/ADD7 11.09.2026),FREEBIRD AIRLINES,OTP AYT OTP,FH 4264/4265,2026-09-17,160.0,189.05,30248.0,6400.0,2026-09-07,2026-10-05
S26,semnat (AA30/ADD7 11.09.2026),TAILWIND,GHV AYT GHV,TWI 408/407,2026-09-17,78.0,175.0,13650.0,1719.9,2026-09-07,2026-10-05
S26,semnat (AA30/ADD7 11.09.2026),ANIMA WINGS,TSR ZTH TSR,A2 4122/4123,2026-09-17,108.0,159.92,17271.36,4046.76,2026-09-07,2026-10-05
S26,semnat (AA30/ADD7 11.09.2026),ANIMA WINGS,CLJ ZTH CLJ,A2 4120/4121,2026-09-17,118.0,179.75,21210.5,4728.26,2026-09-07,2026-10-05
S26,semnat (AA30/ADD7 11.09.2026),ANIMA WINGS,TSR EFL TSR,A2 4160/4161,2026-09-17,118.0,173.64,20489.52,4467.48,2026-09-07,2026-10-05
S26,semnat (AA30/ADD7 11.09.2026),TEZ/SKYEXPRESS,BAY HER BAY,GQ4641/40,2026-09-17,60.0,212.0,12720.0,498.0,2026-09-07,2026-10-05
S26,semnat (AA30/ADD7 11.09.2026),AMARA/HISKY,CLJ PMI CLJ,H45407/5408,2026-09-17,40.0,247.0,9880.0,1260.0,2026-09-07,2026-10-05
S26,semnat (AA30/ADD7 11.09.2026),AMARA/HISKY,CLJ LCA CLJ,H45427/5428,2026-09-17,30.0,224.0,6720.0,1337.4,2026-09-07,2026-10-05
S26,semnat (AA30/ADD7 11.09.2026),CORENDON,SCV AYT SCV,CAI9018/9017,2026-09-18,120.0,186.78,22413.6,3272.4,2026-09-08,2026-10-05
S26,semnat (AA30/ADD7 11.09.2026),CORENDON,OMR AYT OMR,CAI9028/9027,2026-09-18,90.0,192.5,17325.0,1998.0,2026-09-08,2026-10-05
S26,semnat (AA30/ADD7 11.09.2026),CORENDON,BAY AYT BAY,CAI9020/9019,2026-09-18,119.0,196.28,23357.32,2380.0,2026-09-08,2026-10-05
S26,semnat (AA30/ADD7 11.09.2026),ANIMA WINGS,OTP MIR OTP ,A2 4456/4457,2026-09-18,130.0,221.54,28800.2,6536.4,2026-09-08,2026-10-05
S26,semnat (AA30/ADD7 11.09.2026),ANIMA WINGS,CLJ MIR CLJ,A2 4420/4421,2026-09-18,150.0,197.78,29667.0,6864.0,2026-09-08,2026-10-05
S26,semnat (AA30/ADD7 11.09.2026),ANIMA WINGS,OTP AYT OTP,A2 4258/4259,2026-09-18,100.0,161.58,16158.0,4056.0,2026-09-08,2026-10-05
S26,semnat (AA30/ADD7 11.09.2026),ANIMA WINGS,GHV AYT GHV,A2 4224/4225,2026-09-18,70.0,178.96,12527.2,1647.8,2026-09-08,2026-10-05
S26,semnat (AA30/ADD7 11.09.2026),TAILWIND,TGM AYT TGM,TWI 418/417,2026-09-18,80.0,189.0,15120.0,1696.0,2026-09-08,2026-10-05
S26,semnat (AA30/ADD7 11.09.2026),ANIMA WINGS,TSR AYT TSR,A2 4296/4297,2026-09-18,148.0,191.0,28268.0,4949.12,2026-09-08,2026-10-05
S26,semnat (AA30/ADD7 11.09.2026),ANIMA WINGS,TSR CFU TSR,A2 4106/4107,2026-09-18,78.0,153.03,11936.34,2922.66,2026-09-08,2026-10-05
S26,semnat (AA30/ADD7 11.09.2026),ANIMA WINGS,TSR MIR TSR,A2 4418/4419,2026-09-18,128.0,207.42,26549.76,5524.48,2026-09-08,2026-10-05
S26,semnat (AA30/ADD7 11.09.2026),ANIMA WINGS,OTP HRG OTP,A2 4206/4207,2026-09-19,160.0,240.19,38430.4,8446.4,2026-09-09,2026-10-05
S26,semnat (AA30/ADD7 11.09.2026),ANIMA WINGS,CLJ HRG CLJ,A2 4208/4209,2026-09-19,70.0,259.0,18130.0,3378.9,2026-09-09,2026-10-05
S26,semnat (AA30/ADD7 11.09.2026),ANIMA WINGS,CLJ AYT CLJ,A2 4236/4237,2026-09-19,160.0,183.35,29336.0,5766.4,2026-09-09,2026-10-05
S26,semnat (AA30/ADD7 11.09.2026),ANIMA WINGS,OTP BJV OTP,A2 4250/4251,2026-09-19,90.0,157.52,14176.8,3650.4,2026-09-09,2026-10-05
S26,semnat (AA30/ADD7 11.09.2026),ANIMA WINGS,OTP AYT OTP,A2 4272/4273,2026-09-19,100.0,161.58,16158.0,4056.0,2026-09-09,2026-10-05
S26,semnat (AA30/ADD7 11.09.2026),ANIMA WINGS,TSR AYT TSR,A2 4298/4299,2026-09-19,148.0,191.0,28268.0,4949.12,2026-09-09,2026-10-05
S26,semnat (AA30/ADD7 11.09.2026),ANIMA WINGS,OTP HER OTP,A2 4132/4133,2026-09-19,118.0,180.73,21326.14,3400.76,2026-09-09,2026-10-05
S26,semnat (AA30/ADD7 11.09.2026),ANIMA WINGS,CLJ HER CLJ,A2 4142/4143,2026-09-19,118.0,200.19,23622.42,2867.4,2026-09-09,2026-10-05
S26,semnat (AA30/ADD7 11.09.2026),ANIMA WINGS,OTP RHO OTP,A2 4126/4127,2026-09-19,88.0,171.0,15048.0,3901.92,2026-09-09,2026-10-05
S26,semnat (AA30/ADD7 11.09.2026),ANIMA WINGS,TSR RHO TSR,A2 4128/4129,2026-09-19,68.0,184.78,12565.04,2530.96,2026-09-09,2026-10-05
S26,semnat (AA30/ADD7 11.09.2026),ANIMA WINGS,CRA AYT CRA,A24294/4295,2026-09-19,148.0,182.18,26962.64,3513.52,2026-09-09,2026-10-05
S26,semnat (AA30/ADD7 11.09.2026),ANIMA WINGS,TSR CHQ TSR,A2 4152/4153,2026-09-19,108.0,180.73,19518.84,3868.56,2026-09-09,2026-10-05
S26,semnat (AA30/ADD7 11.09.2026),ANIMA WINGS,OTP AYT OTP,A2 4268/4269,2026-09-19,137.0,176.0,24112.0,5556.72,2026-09-09,2026-10-05
S26,semnat (AA30/ADD7 11.09.2026),ANIMA WINGS,IAS AYT IAS,A2 4228/4229,2026-09-19,137.0,201.0,27537.0,4594.98,2026-09-09,2026-10-05
S26,semnat (AA30/ADD7 11.09.2026),ANIMA WINGS,OTP CHQ OTP,A2 4150/4151,2026-09-19,72.0,195.16,14051.52,3091.68,2026-09-09,2026-10-05
S26,semnat (AA30/ADD7 11.09.2026),CORENDON,SCV AYT SCV,CAI9022/9021,2026-09-20,169.0,186.78,31565.82,4608.63,2026-09-10,2026-10-05
S26,semnat (AA30/ADD7 11.09.2026),ANIMA WINGS,OTP PMI OTP,A2 4310/4311,2026-09-20,80.0,254.39,20351.2,2641.6,2026-09-10,2026-10-05
S26,semnat (AA30/ADD7 11.09.2026),ANIMA WINGS,IAS PMI IAS,A2 4318/4319,2026-09-20,120.0,275.73,33087.6,3120.0,2026-09-10,2026-10-05
S26,semnat (AA30/ADD7 11.09.2026),ANIMA WINGS,OTP AYT OTP,A2 4270/4271,2026-09-20,50.0,161.58,8079.0,2028.0,2026-09-10,2026-10-05
S26,semnat (AA30/ADD7 11.09.2026),ANIMA WINGS,OTP EFL OTP,A2 4140/4141,2026-09-20,90.0,162.28,14605.2,4048.2,2026-09-10,2026-10-05
S26,semnat (AA30/ADD7 11.09.2026),ANIMA WINGS,TSR HRG TSR,A2 4408/4409,2026-09-20,118.0,286.9,33854.2,5389.06,2026-09-10,2026-10-05
S26,semnat (AA30/ADD7 11.09.2026),ANIMA WINGS,TSR PMI TSR,A2 4312/4313,2026-09-20,83.0,260.05,21584.15,2149.7,2026-09-10,2026-10-05
S26,semnat (AA30/ADD7 11.09.2026),ANIMA WINGS,OTP CFU OTP,A2 4102/4103,2026-09-20,87.0,165.23,14375.01,3879.33,2026-09-10,2026-10-05
S26,semnat (AA30/ADD7 11.09.2026),CORENDON,IAS AYT IAS,CAI9006/9005,2026-09-21,129.0,182.0,23478.0,4128.0,2026-09-11,2026-10-05
S26,semnat (AA30/ADD7 11.09.2026),CORENDON,CLJ AYT CLJ,CAI9002/9001,2026-09-21,100.0,196.5,19650.0,4120.0,2026-09-11,2026-10-05
S26,semnat (AA30/ADD7 11.09.2026),ANIMA WINGS,IAS HRG IAS,A2 4212/4213,2026-09-21,160.0,263.47777777777776,42156.44,7323.2,2026-09-11,2026-10-05
S26,semnat (AA30/ADD7 11.09.2026),ANIMA WINGS,CRA AYT CRA,A2 4294/4295,2026-09-21,80.0,161.40844444444446,12912.68,1899.2,2026-09-11,2026-10-05
S26,semnat (AA30/ADD7 11.09.2026),ANIMA WINGS,OTP AYT OTP,A2 4222/4223,2026-09-21,110.0,161.58,17773.8,4461.6,2026-09-11,2026-10-05
S26,semnat (AA30/ADD7 11.09.2026),ANIMA WINGS,OTP HRG OTP,A2 4104/4105,2026-09-21,180.0,240.19,41571.35,9136.73,2026-09-11,2026-10-05
S26,semnat (AA30/ADD7 11.09.2026),TAILWIND,BAY AYT BAY,TWI 414/413,2026-09-21,68.0,196.0,13328.0,1360.0,2026-09-11,2026-10-05
S26,semnat (AA30/ADD7 11.09.2026),TAILWIND,BCM AYT BCM,TWI 404/403,2026-09-21,78.0,173.0,13494.0,1833.0,2026-09-11,2026-10-05
S26,semnat (AA30/ADD7 11.09.2026),ANIMA WINGS,TSR AYT TSR,A2 4296/4297,2026-09-21,148.0,191.0,28268.0,4949.12,2026-09-11,2026-10-05
S26,semnat (AA30/ADD7 11.09.2026),ANIMA WINGS,GHV AYT GHV,A2 4224/4225,2026-09-21,128.0,182.02,23298.56,3013.12,2026-09-11,2026-10-05
S26,semnat (AA30/ADD7 11.09.2026),CORENDON,SBZ AYT SBZ,CAI9014/9013,2026-09-22,149.0,185.28,27606.72,3203.5,2026-09-12,2026-10-05
S26,semnat (AA30/ADD7 11.09.2026),ANIMA WINGS,OTP HER OTP,A2 4132/4133,2026-09-22,110.0,169.68355555555556,18665.19,3170.2,2026-09-12,2026-10-05
S26,semnat (AA30/ADD7 11.09.2026),ANIMA WINGS,IAS HER IAS,A2 4134/4135,2026-09-22,80.0,179.7055,14376.44,1744.0,2026-09-12,2026-10-05
S26,semnat (AA30/ADD7 11.09.2026),ANIMA WINGS,OTP RHO OTP,A2 4126/4127,2026-09-22,120.0,181.63116666666667,21795.74,5320.8,2026-09-12,2026-10-05
S26,semnat (AA30/ADD7 11.09.2026),ANIMA WINGS,OTP MIR OTP,A2 4410/4411,2026-09-22,140.0,221.54,31015.6,7039.2,2026-09-12,2026-10-05
S26,semnat (AA30/ADD7 11.09.2026),ANIMA WINGS,GHV MIR GHV,A2 4414/4415,2026-09-22,100.0,221.54222222222222,22154.22,3326.0,2026-09-12,2026-10-05
S26,semnat (AA30/ADD7 11.09.2026),AEGEAN,CLJ RHO CLJ,A34305/4304,2026-09-22,44.0,174.54,7679.76,1995.4,2026-09-12,2026-10-05
S26,semnat (AA30/ADD7 11.09.2026),ANIMA WINGS,TSR HER TSR,A2 4138/4139,2026-09-22,98.0,190.1891891891892,18638.54,2126.6,2026-09-12,2026-10-05
S26,semnat (AA30/ADD7 11.09.2026),ANIMA WINGS,GHV HER GHV,A2 4144/4145,2026-09-22,118.0,201.88,23821.84,1392.4,2026-09-12,2026-10-05
S26,semnat (AA30/ADD7 11.09.2026),ANIMA WINGS,SBZ HER SBZ,A2 4154/4155,2026-09-22,80.0,200.18918918918922,16015.14,800.0,2026-09-12,2026-10-05
S26,semnat (AA30/ADD7 11.09.2026),TEZ/SKYEXPRESS,TGM HER TGM,GQ4813/12,2026-09-22,70.0,200.0,14000.0,665.0,2026-09-12,2026-10-05
S26,semnat (AA30/ADD7 11.09.2026),P45/AEGEAN,CLJ CHQ CLJ,A34557/4556,2026-09-22,50.0,182.0,9100.0,2197.5,2026-09-12,2026-10-05
S26,semnat (AA30/ADD7 11.09.2026),ANIMA WINGS,OTP AYT OTP,A2 4220/4221,2026-09-23,180.0,161.58,29084.4,7300.8,2026-09-13,2026-10-05
S26,semnat (AA30/ADD7 11.09.2026),ANIMA WINGS,OTP HER OTP,A2 4136/4137,2026-09-23,70.0,169.68,11877.6,2017.4,2026-09-13,2026-10-05
S26,semnat (AA30/ADD7 11.09.2026),ANIMA WINGS,CRA HER CRA,A2 4146/4147,2026-09-23,90.0,160.74,14466.6,1080.0,2026-09-13,2026-10-05
S26,semnat (AA30/ADD7 11.09.2026),ANIMA WINGS,TSR AYT TSR,A2 4292/4293,2026-09-23,48.0,191.0,9168.0,1605.12,2026-09-13,2026-10-05
S26,semnat (AA30/ADD7 11.09.2026),ANIMA WINGS,ARW AYT ARW,A2 4234/4235,2026-09-23,107.0,191.0,20437.0,2304.78,2026-09-13,2026-10-05
S26,semnat (AA30/ADD7 11.09.2026),P45/CORENDON,CND AYT CND,,2026-09-23,40.0,154.73,6189.2,880.0,2026-09-13,2026-10-05
S26,semnat (AA30/ADD7 11.09.2026),ANIMA WINGS,OTP ZTH OTP,A2 4116/4117,2026-09-24,160.0,165.47,26475.2,7134.4,2026-09-14,2026-10-05
S26,semnat (AA30/ADD7 11.09.2026),ANIMA WINGS,OTP HER OTP,A2 4148/4149,2026-09-24,100.0,169.68,16968.0,2882.0,2026-09-14,2026-10-05
S26,semnat (AA30/ADD7 11.09.2026),ANIMA WINGS,SCV HER SCV,A2 4158/4159,2026-09-24,90.0,205.97,18537.3,1062.0,2026-09-14,2026-10-05
S26,semnat (AA30/ADD7 11.09.2026),ANIMA WINGS,OTP EFL OTP,A2 4140/4141,2026-09-24,120.0,162.28,19473.6,5397.6,2026-09-14,2026-10-05
S26,semnat (AA30/ADD7 11.09.2026),ANIMA WINGS,OTP AYT OTP,A2 4264/4265,2026-09-24,110.0,161.58,17773.8,4461.6,2026-09-14,2026-10-05
S26,semnat (AA30/ADD7 11.09.2026),TAILWIND,GHV AYT GHV,TWI 408/407,2026-09-24,78.0,175.0,13650.0,1719.9,2026-09-14,2026-10-05
S26,semnat (AA30/ADD7 11.09.2026),ANIMA WINGS,TSR ZTH TSR,A2 4122/4123,2026-09-24,108.0,159.92,17271.36,4046.76,2026-09-14,2026-10-05
S26,semnat (AA30/ADD7 11.09.2026),ANIMA WINGS,CLJ ZTH CLJ,A2 4120/4121,2026-09-24,118.0,179.75,21210.5,4728.26,2026-09-14,2026-10-05
S26,semnat (AA30/ADD7 11.09.2026),AMARA/HISKY,CLJ PMI CLJ,H45407/5408,2026-09-24,40.0,247.0,9880.0,1260.0,2026-09-14,2026-10-05
S26,semnat (AA30/ADD7 11.09.2026),AMARA/HISKY,CLJ LCA CLJ,H45427/5428,2026-09-24,30.0,224.0,6720.0,1337.4,2026-09-14,2026-10-05
S26,semnat (AA30/ADD7 11.09.2026),CORENDON,SCV AYT SCV,CAI9018/9017,2026-09-25,120.0,186.78,22413.6,3272.4,2026-09-15,2026-10-05
S26,semnat (AA30/ADD7 11.09.2026),CORENDON,OMR AYT OMR,CAI9028/9027,2026-09-25,90.0,192.5,17325.0,1998.0,2026-09-15,2026-10-05
S26,semnat (AA30/ADD7 11.09.2026),CORENDON,BAY AYT BAY,CAI9020/9019,2026-09-25,119.0,196.28,23357.32,2380.0,2026-09-15,2026-10-05
S26,semnat (AA30/ADD7 11.09.2026),ANIMA WINGS,OTP MIR OTP ,A2 4456/4457,2026-09-25,130.0,221.54,28800.2,6536.4,2026-09-15,2026-10-05
S26,semnat (AA30/ADD7 11.09.2026),ANIMA WINGS,CLJ MIR CLJ,A2 4420/4421,2026-09-25,150.0,197.78,29667.0,6864.0,2026-09-15,2026-10-05
S26,semnat (AA30/ADD7 11.09.2026),ANIMA WINGS,OTP AYT OTP,A2 4258/4259,2026-09-25,100.0,161.58,16158.0,4056.0,2026-09-15,2026-10-05
S26,semnat (AA30/ADD7 11.09.2026),ANIMA WINGS,GHV AYT GHV,A2 4224/4225,2026-09-25,70.0,178.96,12527.2,1647.8,2026-09-15,2026-10-05
S26,semnat (AA30/ADD7 11.09.2026),TAILWIND,TGM AYT TGM,TWI 418/417,2026-09-25,80.0,189.0,15120.0,1696.0,2026-09-15,2026-10-05
S26,semnat (AA30/ADD7 11.09.2026),ANIMA WINGS,TSR AYT TSR,A2 4296/4297,2026-09-25,148.0,191.0,28268.0,4949.12,2026-09-15,2026-10-05
S26,semnat (AA30/ADD7 11.09.2026),ANIMA WINGS,TSR CFU TSR,A2 4106/4107,2026-09-25,78.0,153.03,11936.34,2922.66,2026-09-15,2026-10-05
S26,semnat (AA30/ADD7 11.09.2026),ANIMA WINGS,TSR MIR TSR,A2 4418/4419,2026-09-25,128.0,207.42,26549.76,5524.48,2026-09-15,2026-10-05
S26,semnat (AA30/ADD7 11.09.2026),ANIMA WINGS,OTP HRG OTP,A2 4206/4207,2026-09-26,160.0,240.19,38430.4,8446.4,2026-09-16,2026-10-05
S26,semnat (AA30/ADD7 11.09.2026),ANIMA WINGS,CLJ HRG CLJ,A2 4208/4209,2026-09-26,70.0,259.0,18130.0,3378.9,2026-09-16,2026-10-05
S26,semnat (AA30/ADD7 11.09.2026),ANIMA WINGS,CLJ AYT CLJ,A2 4236/4237,2026-09-26,160.0,183.35,29336.0,5766.4,2026-09-16,2026-10-05
S26,semnat (AA30/ADD7 11.09.2026),ANIMA WINGS,OTP BJV OTP,A2 4250/4251,2026-09-26,90.0,157.52,14176.8,3650.4,2026-09-16,2026-10-05
S26,semnat (AA30/ADD7 11.09.2026),ANIMA WINGS,OTP AYT OTP,A2 4272/4273,2026-09-26,100.0,161.58,16158.0,4056.0,2026-09-16,2026-10-05
S26,semnat (AA30/ADD7 11.09.2026),ANIMA WINGS,TSR AYT TSR,A2 4298/4299,2026-09-26,148.0,191.0,28268.0,4949.12,2026-09-16,2026-10-05
S26,semnat (AA30/ADD7 11.09.2026),ANIMA WINGS,OTP HER OTP,A2 4132/4133,2026-09-26,118.0,180.73,21326.14,3400.76,2026-09-16,2026-10-05
S26,semnat (AA30/ADD7 11.09.2026),ANIMA WINGS,CLJ HER CLJ,A2 4142/4143,2026-09-26,118.0,200.19,23622.42,2867.4,2026-09-16,2026-10-05
S26,semnat (AA30/ADD7 11.09.2026),ANIMA WINGS,OTP RHO OTP,A2 4126/4127,2026-09-26,88.0,171.0,15048.0,3901.92,2026-09-16,2026-10-05
S26,semnat (AA30/ADD7 11.09.2026),ANIMA WINGS,TSR RHO TSR,A2 4128/4129,2026-09-26,68.0,184.78,12565.04,2530.96,2026-09-16,2026-10-05
S26,semnat (AA30/ADD7 11.09.2026),ANIMA WINGS,TSR CHQ TSR,A2 4152/4153,2026-09-26,108.0,180.73,19518.84,3868.56,2026-09-16,2026-10-05
S26,semnat (AA30/ADD7 11.09.2026),ANIMA WINGS,OTP AYT OTP,A2 4268/4269,2026-09-26,137.0,176.0,24112.0,5556.72,2026-09-16,2026-10-05
S26,semnat (AA30/ADD7 11.09.2026),ANIMA WINGS,IAS AYT IAS,A2 4228/4229,2026-09-26,137.0,201.0,27537.0,4594.98,2026-09-16,2026-10-05
W26-27,draft,ANIMA WINGS,OTP-AGA-OTP,A2 4424/A2 4425,2026-09-26,137.0,440.09,60292.33,6217.06,2026-09-16,2026-10-05
S26,semnat (AA30/ADD7 11.09.2026),ANIMA WINGS,OTP PMI OTP,A2 4310/4311,2026-09-27,80.0,254.39,20351.2,2641.6,2026-09-17,2026-10-05
S26,semnat (AA30/ADD7 11.09.2026),ANIMA WINGS,IAS PMI IAS,A2 4318/4319,2026-09-27,120.0,275.73,33087.6,3120.0,2026-09-17,2026-10-05
S26,semnat (AA30/ADD7 11.09.2026),ANIMA WINGS,OTP AYT OTP,A2 4270/4271,2026-09-27,50.0,161.58,8079.0,2028.0,2026-09-17,2026-10-05
S26,semnat (AA30/ADD7 11.09.2026),ANIMA WINGS,OTP EFL OTP,A2 4140/4141,2026-09-27,90.0,162.28,14605.2,4048.2,2026-09-17,2026-10-05
S26,semnat (AA30/ADD7 11.09.2026),ANIMA WINGS,TSR HRG TSR,A2 4408/4409,2026-09-27,118.0,286.9,33854.2,5389.06,2026-09-17,2026-10-05
S26,semnat (AA30/ADD7 11.09.2026),ANIMA WINGS,TSR PMI TSR,A2 4312/4313,2026-09-27,83.0,260.05,21584.15,2149.7,2026-09-17,2026-10-05
S26,semnat (AA30/ADD7 11.09.2026),ANIMA WINGS,OTP CFU OTP,A2 4102/4103,2026-09-27,87.0,165.23,14375.01,3879.33,2026-09-17,2026-10-05
S26,semnat (AA30/ADD7 11.09.2026),CORENDON,IAS AYT IAS,CAI9006/9005,2026-09-28,129.0,182.0,23478.0,4128.0,2026-09-18,2026-10-05
S26,semnat (AA30/ADD7 11.09.2026),CORENDON,CLJ AYT CLJ,CAI9002/9001,2026-09-28,100.0,196.5,19650.0,4120.0,2026-09-18,2026-10-05
S26,semnat (AA30/ADD7 11.09.2026),ANIMA WINGS,IAS HRG IAS,A2 4212/4213,2026-09-28,160.0,263.47777777777776,42156.44,7323.2,2026-09-18,2026-10-05
S26,semnat (AA30/ADD7 11.09.2026),ANIMA WINGS,CRA AYT CRA,A2 4294/4295,2026-09-28,80.0,161.40844444444446,12912.68,1899.2,2026-09-18,2026-10-05
S26,semnat (AA30/ADD7 11.09.2026),ANIMA WINGS,OTP AYT OTP,A2 4222/4223,2026-09-28,110.0,161.58,17773.8,4461.6,2026-09-18,2026-10-05
S26,semnat (AA30/ADD7 11.09.2026),ANIMA WINGS,OTP HRG OTP,A2 4104/4105,2026-09-28,180.0,240.19,41571.35,9136.73,2026-09-18,2026-10-05
S26,semnat (AA30/ADD7 11.09.2026),TAILWIND,BAY AYT BAY,TWI 414/413,2026-09-28,68.0,196.0,13328.0,1360.0,2026-09-18,2026-10-05
S26,semnat (AA30/ADD7 11.09.2026),TAILWIND,BCM AYT BCM,TWI 404/403,2026-09-28,78.0,173.0,13494.0,1833.0,2026-09-18,2026-10-05
S26,semnat (AA30/ADD7 11.09.2026),ANIMA WINGS,TSR AYT TSR,A2 4296/4297,2026-09-28,148.0,191.0,28268.0,4949.12,2026-09-18,2026-10-05
S26,semnat (AA30/ADD7 11.09.2026),ANIMA WINGS,GHV AYT GHV,A2 4224/4225,2026-09-28,128.0,182.02,23298.56,3013.12,2026-09-18,2026-10-05
S26,semnat (AA30/ADD7 11.09.2026),CORENDON,SBZ AYT SBZ,CAI9014/9013,2026-09-29,149.0,185.28,27606.72,3203.5,2026-09-19,2026-10-05
S26,semnat (AA30/ADD7 11.09.2026),ANIMA WINGS,OTP HER OTP,A2 4132/4133,2026-09-29,110.0,169.68355555555556,18665.19,3170.2,2026-09-19,2026-10-05
S26,semnat (AA30/ADD7 11.09.2026),ANIMA WINGS,IAS HER IAS,A2 4134/4135,2026-09-29,80.0,179.7055,14376.44,1744.0,2026-09-19,2026-10-05
S26,semnat (AA30/ADD7 11.09.2026),ANIMA WINGS,OTP RHO OTP,A2 4126/4127,2026-09-29,120.0,181.63116666666667,21795.74,5320.8,2026-09-19,2026-10-05
S26,semnat (AA30/ADD7 11.09.2026),ANIMA WINGS,OTP MIR OTP,A2 4410/4411,2026-09-29,140.0,221.54,31015.6,7039.2,2026-09-19,2026-10-05
S26,semnat (AA30/ADD7 11.09.2026),ANIMA WINGS,GHV MIR GHV,A2 4414/4415,2026-09-29,100.0,221.54222222222222,22154.22,3326.0,2026-09-19,2026-10-05
S26,semnat (AA30/ADD7 11.09.2026),AEGEAN,CLJ RHO CLJ,A34305/4304,2026-09-29,44.0,174.54,7679.76,1995.4,2026-09-19,2026-10-05
S26,semnat (AA30/ADD7 11.09.2026),ANIMA WINGS,TSR HER TSR,A2 4138/4139,2026-09-29,98.0,190.1891891891892,18638.54,2126.6,2026-09-19,2026-10-05
S26,semnat (AA30/ADD7 11.09.2026),ANIMA WINGS,GHV HER GHV,A2 4144/4145,2026-09-29,118.0,201.88,23821.84,1392.4,2026-09-19,2026-10-05
S26,semnat (AA30/ADD7 11.09.2026),ANIMA WINGS,SBZ HER SBZ,A2 4154/4155,2026-09-29,80.0,200.18918918918922,16015.14,800.0,2026-09-19,2026-10-05
S26,semnat (AA30/ADD7 11.09.2026),P45/AEGEAN,CLJ CHQ CLJ,A34557/4556,2026-09-29,50.0,182.0,9100.0,2197.5,2026-09-19,2026-10-05
S26,semnat (AA30/ADD7 11.09.2026),ANIMA WINGS,OTP AYT OTP,A2 4220/4221,2026-09-30,180.0,161.58,29084.4,7300.8,2026-09-20,2026-10-05
S26,semnat (AA30/ADD7 11.09.2026),ANIMA WINGS,OTP HER OTP,A2 4136/4137,2026-09-30,70.0,169.68,11877.6,2017.4,2026-09-20,2026-10-05
S26,semnat (AA30/ADD7 11.09.2026),ANIMA WINGS,CRA HER CRA,A2 4146/4147,2026-09-30,90.0,160.74,14466.6,1080.0,2026-09-20,2026-10-05
S26,semnat (AA30/ADD7 11.09.2026),ANIMA WINGS,TSR AYT TSR,A2 4292/4293,2026-09-30,48.0,191.0,9168.0,1605.12,2026-09-20,2026-10-05
S26,semnat (AA30/ADD7 11.09.2026),ANIMA WINGS,ARW AYT ARW,A2 4234/4235,2026-09-30,107.0,191.0,20437.0,2304.78,2026-09-20,2026-10-05
S26,semnat (AA30/ADD7 11.09.2026),P45/CORENDON,CND AYT CND,,2026-09-30,40.0,154.73,6189.2,880.0,2026-09-20,2026-10-05
S26,semnat (AA30/ADD7 11.09.2026),AMARA/HISKY,CLJ LCA CLJ,H45427/5428,2026-10-01,30.0,224.0,6720.0,1337.4,2026-09-21,2026-11-05
S26,semnat (AA30/ADD7 11.09.2026),CORENDON,OMR AYT OMR,CAI9028/9027,2026-10-02,90.0,192.5,17325.0,1998.0,2026-09-22,2026-11-05
W26-27,draft,ANIMA WINGS,OTP MIR OTP ,A2 4456/4457,2026-10-02,180.0,221.54,39877.2,8980.2,2026-09-22,2026-11-05
S26,semnat (AA30/ADD7 11.09.2026),ANIMA WINGS,OTP HRG OTP,A2 4206/4207,2026-10-03,160.0,240.19,38430.4,8446.4,2026-09-23,2026-11-05
S26,semnat (AA30/ADD7 11.09.2026),ANIMA WINGS,CLJ HRG CLJ,A2 4208/4209,2026-10-03,70.0,259.0,18130.0,3378.9,2026-09-23,2026-11-05
S26,semnat (AA30/ADD7 11.09.2026),ANIMA WINGS,OTP AYT OTP,A2 4268/4269,2026-10-03,130.0,161.58,21005.4,5272.8,2026-09-23,2026-11-05
S26,semnat (AA30/ADD7 11.09.2026),ANIMA WINGS,CLJ AYT CLJ,A2 4236/4237,2026-10-03,128.0,191.01,24449.28,4613.12,2026-09-23,2026-11-05
W26-27,draft,ANIMA WINGS,CLJ-TSR-MIR-TSR-CLJ,A2 4420/4421,2026-10-03,148.0,303.34,44894.32,6714.76,2026-09-23,2026-11-05
W26-27,draft,ANIMA WINGS,OTP HRG OTP,A2 4204/A2 4205,2026-10-03,148.0,238.71,35329.08,8147.4,2026-09-23,2026-11-05
W26-27,draft,ANIMA WINGS,OMR HRG OMR,A2 4210/A2 4211,2026-10-03,148.0,258.52,38260.96,5436.04,2026-09-23,2026-11-05
W26-27,draft,ANIMA WINGS,OTP-AGA-OTP,A2 4424/A2 4425,2026-10-03,137.0,440.09,60292.33,6217.06,2026-09-23,2026-11-05
S26,semnat (AA30/ADD7 11.09.2026),ANIMA WINGS,TSR HRG TSR,A2 4408/4409,2026-10-04,118.0,286.9,33854.2,5389.06,2026-09-24,2026-11-05
S26,semnat (AA30/ADD7 11.09.2026),ANIMA WINGS,IAS HRG IAS,A2 4212/4213,2026-10-05,160.0,263.47777777777776,42156.44,7323.2,2026-09-25,2026-11-05
S26,semnat (AA30/ADD7 11.09.2026),ANIMA WINGS,OTP HRG OTP,A2 4104/4105,2026-10-05,180.0,240.19,41571.35,9136.73,2026-09-25,2026-11-05
W26-27,draft,ANIMA WINGS,OTP SSH OTP,A2 4404/A2 4405,2026-10-05,180.0,225.7,40626.0,10225.8,2026-09-25,2026-11-05
W26-27,draft,ANIMA WINGS,CLJ-SSH-CLJ,A2 4402/A2 4403,2026-10-05,180.0,241.75,43515.0,9412.2,2026-09-25,2026-11-05
S26,semnat (AA30/ADD7 11.09.2026),P45/AEGEAN,CLJ CHQ CLJ,A34557/4556,2026-10-06,50.0,182.0,9100.0,2197.5,2026-09-26,2026-11-05
W26-27,draft,ANIMA WINGS,OTP MIR OTP ,A2 4456/4457,2026-10-09,180.0,221.54,39877.2,8980.2,2026-09-29,2026-11-05
S26,semnat (AA30/ADD7 11.09.2026),ANIMA WINGS,OTP HRG OTP,A2 4206/4207,2026-10-10,160.0,240.19,38430.4,8446.4,2026-09-30,2026-11-05
S26,semnat (AA30/ADD7 11.09.2026),ANIMA WINGS,OTP AYT OTP,A2 4268/4269,2026-10-10,130.0,161.58,21005.4,5272.8,2026-09-30,2026-11-05
S26,semnat (AA30/ADD7 11.09.2026),ANIMA WINGS,CLJ AYT CLJ,A2 4236/4237,2026-10-10,128.0,191.01,24449.28,4613.12,2026-09-30,2026-11-05
W26-27,draft,ANIMA WINGS,CLJ-TSR-MIR-TSR-CLJ,A2 4420/4421,2026-10-10,148.0,303.34,44894.32,6714.76,2026-09-30,2026-11-05
W26-27,draft,ANIMA WINGS,CLJ HRG CLJ,A2 4208/A2 4209,2026-10-10,148.0,279.34,41342.32,7478.44,2026-09-30,2026-11-05
W26-27,draft,ANIMA WINGS,TSR HRG TSR,A2 4408/A2 4409,2026-10-10,148.0,268.5,39738.0,7093.64,2026-09-30,2026-11-05
W26-27,draft,ANIMA WINGS,OTP HRG OTP,A2 4204/A2 4205,2026-10-10,148.0,238.71,35329.08,8147.4,2026-09-30,2026-11-05
W26-27,draft,ANIMA WINGS,OMR HRG OMR,A2 4210/A2 4211,2026-10-10,148.0,258.52,38260.96,5436.04,2026-09-30,2026-11-05
W26-27,draft,ANIMA WINGS,OTP-AGA-OTP,A2 4424/A2 4425,2026-10-10,137.0,440.09,60292.33,6217.06,2026-09-30,2026-11-05
S26,semnat (AA30/ADD7 11.09.2026),ANIMA WINGS,IAS HRG IAS,A2 4212/4213,2026-10-12,160.0,263.47777777777776,42156.44,7323.2,2026-10-02,2026-11-05
S26,semnat (AA30/ADD7 11.09.2026),ANIMA WINGS,OTP HRG OTP,A2 4104/4105,2026-10-12,180.0,240.19,41571.35,9136.73,2026-10-02,2026-11-05
W26-27,draft,ANIMA WINGS,OTP SSH OTP,A2 4404/A2 4405,2026-10-12,180.0,225.7,40626.0,10225.8,2026-10-02,2026-11-05
W26-27,draft,ANIMA WINGS,CLJ-SSH-CLJ,A2 4402/A2 4403,2026-10-12,180.0,241.75,43515.0,9412.2,2026-10-02,2026-11-05
W26-27,draft,ANIMA WINGS,OTP MIR OTP ,A2 4456/4457,2026-10-16,180.0,221.54,39877.2,8980.2,2026-10-06,2026-11-05
S26,semnat (AA30/ADD7 11.09.2026),ANIMA WINGS,OTP HRG OTP,A2 4206/4207,2026-10-17,160.0,240.19,38430.4,8446.4,2026-10-07,2026-11-05
S26,semnat (AA30/ADD7 11.09.2026),ANIMA WINGS,OTP AYT OTP,A2 4268/4269,2026-10-17,130.0,161.58,21005.4,5272.8,2026-10-07,2026-11-05
W26-27,draft,ANIMA WINGS,CLJ-TSR-MIR-TSR-CLJ,A2 4420/4421,2026-10-17,148.0,303.34,44894.32,6714.76,2026-10-07,2026-11-05
W26-27,draft,ANIMA WINGS,CLJ HRG CLJ,A2 4208/A2 4209,2026-10-17,148.0,279.34,41342.32,7478.44,2026-10-07,2026-11-05
W26-27,draft,ANIMA WINGS,TSR HRG TSR,A2 4408/A2 4409,2026-10-17,148.0,268.5,39738.0,7093.64,2026-10-07,2026-11-05
W26-27,draft,ANIMA WINGS,OTP HRG OTP,A2 4204/A2 4205,2026-10-17,148.0,238.71,35329.08,8147.4,2026-10-07,2026-11-05
W26-27,draft,ANIMA WINGS,OMR HRG OMR,A2 4210/A2 4211,2026-10-17,148.0,258.52,38260.96,5436.04,2026-10-07,2026-11-05
W26-27,draft,ANIMA WINGS,OTP-AGA-OTP,A2 4424/A2 4425,2026-10-17,137.0,440.09,60292.33,6217.06,2026-10-07,2026-11-05
S26,semnat (AA30/ADD7 11.09.2026),ANIMA WINGS,IAS HRG IAS,A2 4212/4213,2026-10-19,160.0,263.47777777777776,42156.44,7323.2,2026-10-09,2026-11-05
S26,semnat (AA30/ADD7 11.09.2026),ANIMA WINGS,OTP HRG OTP,A2 4104/4105,2026-10-19,180.0,240.19,41571.35,9136.73,2026-10-09,2026-11-05
W26-27,draft,ANIMA WINGS,OTP SSH OTP,A2 4404/A2 4405,2026-10-19,180.0,225.7,40626.0,10225.8,2026-10-09,2026-11-05
W26-27,draft,ANIMA WINGS,CLJ-SSH-CLJ,A2 4402/A2 4403,2026-10-19,180.0,241.75,43515.0,9412.2,2026-10-09,2026-11-05
W26-27,draft,ANIMA WINGS,OTP MIR OTP ,A2 4456/4457,2026-10-23,180.0,221.54,39877.2,8980.2,2026-10-13,2026-11-05
S26,semnat (AA30/ADD7 11.09.2026),ANIMA WINGS,OTP HRG OTP,A2 4206/4207,2026-10-24,160.0,240.19,38430.4,8446.4,2026-10-14,2026-11-05
S26,semnat (AA30/ADD7 11.09.2026),ANIMA WINGS,OTP AYT OTP,A2 4268/4269,2026-10-24,130.0,161.58,21005.4,5272.8,2026-10-14,2026-11-05
W26-27,draft,ANIMA WINGS,CLJ-TSR-MIR-TSR-CLJ,A2 4420/4421,2026-10-24,148.0,303.34,44894.32,6714.76,2026-10-14,2026-11-05
W26-27,draft,ANIMA WINGS,CLJ HRG CLJ,A2 4208/A2 4209,2026-10-24,148.0,279.34,41342.32,7478.44,2026-10-14,2026-11-05
W26-27,draft,ANIMA WINGS,TSR HRG TSR,A2 4408/A2 4409,2026-10-24,148.0,268.5,39738.0,7093.64,2026-10-14,2026-11-05
W26-27,draft,ANIMA WINGS,OTP HRG OTP,A2 4204/A2 4205,2026-10-24,148.0,238.71,35329.08,8147.4,2026-10-14,2026-11-05
W26-27,draft,ANIMA WINGS,OMR HRG OMR,A2 4210/A2 4211,2026-10-24,148.0,258.52,38260.96,5436.04,2026-10-14,2026-11-05
W26-27,draft,ANIMA WINGS,OTP-AGA-OTP,A2 4424/A2 4425,2026-10-24,137.0,440.09,60292.33,6217.06,2026-10-14,2026-11-05
W26-27,draft,ANIMA WINGS,OTP HRG OTP,A2 4104/A2 4105,2026-10-26,180.0,215.0,38700.0,9909.0,2026-10-16,2026-11-05
W26-27,draft,ANIMA WINGS,IAS HRG IAS,A2 4212/A2 4213,2026-10-26,180.0,231.05,41589.0,8411.4,2026-10-16,2026-11-05
W26-27,draft,ANIMA WINGS,OTP SSH OTP,A2 4404/A2 4405,2026-10-26,180.0,225.7,40626.0,10225.8,2026-10-16,2026-11-05
W26-27,draft,ANIMA WINGS,CLJ-SSH-CLJ,A2 4402/A2 4403,2026-10-26,180.0,241.75,43515.0,9412.2,2026-10-16,2026-11-05
W26-27,draft,ANIMA WINGS,OTP MIR OTP ,A2 4456/4457,2026-10-30,180.0,221.54,39877.2,8980.2,2026-10-20,2026-11-05
W26-27,draft,ANIMA WINGS,CLJ-TSR-MIR-TSR-CLJ,A2 4420/4421,2026-10-31,148.0,303.34,44894.32,6714.76,2026-10-21,2026-11-05
W26-27,draft,ANIMA WINGS,OTP HRG OTP,A2 4206/A2 4207,2026-10-31,180.0,215.0,38700.0,9909.0,2026-10-21,2026-11-05
W26-27,draft,ANIMA WINGS,CLJ HRG CLJ,A2 4208/A2 4209,2026-10-31,148.0,279.34,41342.32,7478.44,2026-10-21,2026-11-05
W26-27,draft,ANIMA WINGS,TSR HRG TSR,A2 4408/A2 4409,2026-10-31,148.0,268.5,39738.0,7093.64,2026-10-21,2026-11-05
W26-27,draft,ANIMA WINGS,OTP HRG OTP,A2 4204/A2 4205,2026-10-31,148.0,238.71,35329.08,8147.4,2026-10-21,2026-11-05
W26-27,draft,ANIMA WINGS,OMR HRG OMR,A2 4210/A2 4211,2026-10-31,148.0,258.52,38260.96,5436.04,2026-10-21,2026-11-05
W26-27,draft,ANIMA WINGS,OTP AYT OTP,A2 4268/A2 4269,2026-10-31,180.0,160.84,28951.2,7300.8,2026-10-21,2026-11-05
W26-27,draft,ANIMA WINGS,OTP-AGA-OTP,A2 4424/A2 4425,2026-10-31,137.0,440.09,60292.33,6217.06,2026-10-21,2026-11-05
W26-27,draft,ANIMA WINGS,OTP HRG OTP,A2 4104/A2 4105,2026-11-02,180.0,215.0,38700.0,9909.0,2026-10-23,2026-12-05
W26-27,draft,ANIMA WINGS,IAS HRG IAS,A2 4212/A2 4213,2026-11-02,180.0,231.05,41589.0,8411.4,2026-10-23,2026-12-05
W26-27,draft,ANIMA WINGS,OTP SSH OTP,A2 4404/A2 4405,2026-11-02,180.0,225.7,40626.0,10225.8,2026-10-23,2026-12-05
W26-27,draft,ANIMA WINGS,CLJ-SSH-CLJ,A2 4402/A2 4403,2026-11-02,180.0,241.75,43515.0,9412.2,2026-10-23,2026-12-05
W26-27,draft,ANIMA WINGS,OTP HRG OTP,A2 4206/A2 4207,2026-11-07,180.0,215.0,38700.0,9909.0,2026-10-28,2026-12-05
W26-27,draft,ANIMA WINGS,CLJ HRG CLJ,A2 4208/A2 4209,2026-11-07,148.0,279.34,41342.32,7478.44,2026-10-28,2026-12-05
W26-27,draft,ANIMA WINGS,TSR HRG TSR,A2 4408/A2 4409,2026-11-07,148.0,268.5,39738.0,7093.64,2026-10-28,2026-12-05
W26-27,draft,ANIMA WINGS,OTP HRG OTP,A2 4204/A2 4205,2026-11-07,148.0,238.71,35329.08,8147.4,2026-10-28,2026-12-05
W26-27,draft,ANIMA WINGS,OMR HRG OMR,A2 4210/A2 4211,2026-11-07,148.0,258.52,38260.96,5436.04,2026-10-28,2026-12-05
W26-27,draft,ANIMA WINGS,OTP HRG OTP,A2 4206/A2 4207,2026-11-14,180.0,215.0,38700.0,9909.0,2026-11-04,2026-12-05
W26-27,draft,ANIMA WINGS,CLJ HRG CLJ,A2 4208/A2 4209,2026-11-14,148.0,279.34,41342.32,7478.44,2026-11-04,2026-12-05
W26-27,draft,ANIMA WINGS,TSR HRG TSR,A2 4408/A2 4409,2026-11-14,148.0,268.5,39738.0,7093.64,2026-11-04,2026-12-05
W26-27,draft,ANIMA WINGS,OTP HRG OTP,A2 4204/A2 4205,2026-11-14,148.0,238.71,35329.08,8147.4,2026-11-04,2026-12-05
W26-27,draft,ANIMA WINGS,OMR HRG OMR,A2 4210/A2 4211,2026-11-14,148.0,258.52,38260.96,5436.04,2026-11-04,2026-12-05
W26-27,draft,ANIMA WINGS,OTP HRG OTP,A2 4206/A2 4207,2026-11-21,180.0,215.0,38700.0,9909.0,2026-11-11,2026-12-05
W26-27,draft,ANIMA WINGS,CLJ HRG CLJ,A2 4208/A2 4209,2026-11-21,148.0,279.34,41342.32,7478.44,2026-11-11,2026-12-05
W26-27,draft,ANIMA WINGS,TSR HRG TSR,A2 4408/A2 4409,2026-11-21,148.0,268.5,39738.0,7093.64,2026-11-11,2026-12-05
W26-27,draft,ANIMA WINGS,OTP HRG OTP,A2 4206/A2 4207,2026-11-28,180.0,215.0,38700.0,9909.0,2026-11-18,2026-12-05
W26-27,draft,ANIMA WINGS,CLJ HRG CLJ,A2 4208/A2 4209,2026-11-28,148.0,279.34,41342.32,7478.44,2026-11-18,2026-12-05
W26-27,draft,ANIMA WINGS,TSR HRG TSR,A2 4408/A2 4409,2026-11-28,148.0,268.5,39738.0,7093.64,2026-11-18,2026-12-05
W26-27,draft,ANIMA WINGS,OTP-KTT-OTP,A2 5000/A2 5001,2026-11-28,137.0,438.37,60056.69,5606.04,2026-11-18,2026-12-05
W26-27,draft,ANIMA WINGS,OTP-KTT-OTP,A2 5000/A2 5001,2026-12-02,137.0,438.37,60056.69,5606.04,2026-11-22,2027-01-05
W26-27,draft,ANIMA WINGS,OTP HRG OTP,A2 4206/A2 4207,2026-12-05,180.0,215.0,38700.0,9909.0,2026-11-25,2027-01-05
W26-27,draft,ANIMA WINGS,CLJ HRG CLJ,A2 4208/A2 4209,2026-12-05,148.0,279.34,41342.32,7478.44,2026-11-25,2027-01-05
W26-27,draft,ANIMA WINGS,TSR HRG TSR,A2 4408/A2 4409,2026-12-05,148.0,268.5,39738.0,7093.64,2026-11-25,2027-01-05
W26-27,draft,ANIMA WINGS,OTP-KTT-OTP,A2 5000/A2 5001,2026-12-06,137.0,438.37,60056.69,5606.04,2026-11-26,2027-01-05
W26-27,draft,ANIMA WINGS,OTP-KTT-OTP,A2 5000/ A2 5001,2026-12-10,137.0,438.37,60056.69,5606.04,2026-11-30,2027-01-05
W26-27,draft,ANIMA WINGS,OTP HRG OTP,A2 4206/A2 4207,2026-12-12,180.0,215.0,38700.0,9909.0,2026-12-02,2027-01-05
W26-27,draft,ANIMA WINGS,CLJ HRG CLJ,A2 4208/A2 4209,2026-12-12,148.0,279.34,41342.32,7478.44,2026-12-02,2027-01-05
W26-27,draft,ANIMA WINGS,TSR HRG TSR,A2 4408/A2 4409,2026-12-12,148.0,268.5,39738.0,7093.64,2026-12-02,2027-01-05
W26-27,draft,ANIMA WINGS,OTP-KTT-OTP,A2 5000/ A2 5001,2026-12-14,137.0,438.37,60056.69,5606.04,2026-12-04,2027-01-05
W26-27,draft,ANIMA WINGS,OTP-KTT-OTP,A2 5000/ A2 5001,2026-12-18,137.0,438.37,60056.69,5606.04,2026-12-08,2027-01-05
W26-27,draft,ANIMA WINGS,OTP HRG OTP,A2 4206/A2 4207,2026-12-19,180.0,215.0,38700.0,9909.0,2026-12-09,2027-01-05
W26-27,draft,ANIMA WINGS,CLJ HRG CLJ,A2 4208/A2 4209,2026-12-19,148.0,279.34,41342.32,7478.44,2026-12-09,2027-01-05
W26-27,draft,ANIMA WINGS,TSR HRG TSR,A2 4408/A2 4409,2026-12-19,148.0,268.5,39738.0,7093.64,2026-12-09,2027-01-05
W26-27,draft,ANIMA WINGS,OTP SSH OTP,A2 4404/A2 4405,2026-12-21,180.0,225.7,40626.0,10225.8,2026-12-11,2027-01-05
W26-27,draft,ANIMA WINGS,CLJ-SSH-CLJ,A2 4402/A2 4403,2026-12-21,180.0,241.75,43515.0,9412.2,2026-12-11,2027-01-05
W26-27,draft,ANIMA WINGS,OTP-KTT-OTP,A2 5000/ A2 5001,2026-12-22,137.0,438.37,60056.69,5606.04,2026-12-12,2027-01-05
W26-27,draft,ANIMA WINGS,OTP HRG OTP,A2 4206/A2 4207,2026-12-26,180.0,215.0,38700.0,9909.0,2026-12-16,2027-01-05
W26-27,draft,ANIMA WINGS,CLJ HRG CLJ,A2 4208/A2 4209,2026-12-26,148.0,279.34,41342.32,7478.44,2026-12-16,2027-01-05
W26-27,draft,ANIMA WINGS,TSR HRG TSR,A2 4408/A2 4409,2026-12-26,148.0,268.5,39738.0,7093.64,2026-12-16,2027-01-05
W26-27,draft,ANIMA WINGS,OTP-KTT-OTP,A2 5000/A2 5001,2026-12-26,137.0,438.37,60056.69,5606.04,2026-12-16,2027-01-05
W26-27,draft,ANIMA WINGS,OTP MIR OTP ,A2 4456/A2 4457,2026-12-27,180.0,194.19,34954.2,8980.2,2026-12-17,2027-01-05
W26-27,draft,ANIMA WINGS,OTP HRG OTP,A2 4104/A2 4105,2026-12-28,180.0,215.0,38700.0,9909.0,2026-12-18,2027-01-05
W26-27,draft,ANIMA WINGS,IAS HRG IAS,A2 4212/A2 4213,2026-12-28,180.0,231.05,41589.0,8411.4,2026-12-18,2027-01-05
W26-27,draft,ANIMA WINGS,OTP SSH OTP,A2 4404/A2 4405,2026-12-28,180.0,225.7,40626.0,10225.8,2026-12-18,2027-01-05
W26-27,draft,ANIMA WINGS,CLJ-SSH-CLJ,A2 4402/A2 4403,2026-12-28,180.0,241.75,43515.0,9412.2,2026-12-18,2027-01-05
W26-27,draft,ANIMA WINGS,OTP AYT OTP,A2 4260/A2 4261,2026-12-30,180.0,160.84,28951.2,7300.8,2026-12-20,2027-01-05
W26-27,draft,ANIMA WINGS,CLJ AYT CLJ,A2 4236/A2 4237,2026-12-30,180.0,196.11,35299.8,6487.2,2026-12-20,2027-01-05
W26-27,draft,ANIMA WINGS,OTP HRG OTP,A2 4204/A2 4205,2026-12-30,180.0,215.0,38700.0,9909.0,2026-12-20,2027-01-05
W26-27,draft,ANIMA WINGS,OMR HRG OMR,A2 4210/A2 4211,2026-12-30,180.0,218.68,39362.4,6611.4,2026-12-20,2027-01-05
W26-27,draft,ANIMA WINGS,OTP-KTT-OTP,A2 5000/A2 5001,2026-12-30,137.0,438.37,60056.69,5606.04,2026-12-20,2027-01-05
W26-27,draft,ANIMA WINGS,OTP HRG OTP,A2 4206/A2 4207,2027-01-02,180.0,215.0,38700.0,9909.0,2026-12-23,2027-02-05
W26-27,draft,ANIMA WINGS,CLJ HRG CLJ,A2 4208/A2 4209,2027-01-02,148.0,279.34,41342.32,7478.44,2026-12-23,2027-02-05
W26-27,draft,ANIMA WINGS,TSR HRG TSR,A2 4408/A2 4409,2027-01-02,148.0,268.5,39738.0,7093.64,2026-12-23,2027-02-05
W26-27,draft,ANIMA WINGS,OTP MIR OTP ,A2 4456/A2 4457,2027-01-03,180.0,194.19,34954.2,8980.2,2026-12-24,2027-02-05
W26-27,draft,ANIMA WINGS,OTP-RMO-KTT-OTP,A2 5000/A2 5001,2027-01-03,137.0,469.61,64336.57,5606.04,2026-12-24,2027-02-05
W26-27,draft,ANIMA WINGS,OTP HRG OTP,A2 4104/A2 4105,2027-01-04,180.0,215.0,38700.0,9909.0,2026-12-25,2027-02-05
W26-27,draft,ANIMA WINGS,IAS HRG IAS,A2 4212/A2 4213,2027-01-04,180.0,231.05,41589.0,8411.4,2026-12-25,2027-02-05
W26-27,draft,ANIMA WINGS,OTP SSH OTP,A2 4404/A2 4405,2027-01-04,180.0,225.7,40626.0,10225.8,2026-12-25,2027-02-05
W26-27,draft,ANIMA WINGS,CLJ-SSH-CLJ,A2 4402/A2 4403,2027-01-04,180.0,241.75,43515.0,9412.2,2026-12-25,2027-02-05
W26-27,draft,ANIMA WINGS,OTP AYT OTP,A2 4260/A2 4261,2027-01-04,180.0,160.84,28951.2,7300.8,2026-12-25,2027-02-05
W26-27,draft,ANIMA WINGS,CLJ AYT CLJ,A2 4236/A2 4237,2027-01-04,180.0,196.11,35299.8,6487.2,2026-12-25,2027-02-05
W26-27,draft,ANIMA WINGS,OTP HRG OTP,A2 4204/A2 4205,2027-01-06,180.0,215.0,38700.0,9909.0,2026-12-27,2027-02-05
W26-27,draft,ANIMA WINGS,OMR HRG OMR,A2 4210/A2 4211,2027-01-06,180.0,218.68,39362.4,6611.4,2026-12-27,2027-02-05
W26-27,draft,ANIMA WINGS,OTP-KTT-RMO-OTP,A2 5000/ A2 5001,2027-01-07,137.0,469.61,64336.57,5606.04,2026-12-28,2027-02-05
W26-27,draft,ANIMA WINGS,OTP HRG OTP,A2 4206/A2 4207,2027-01-09,180.0,215.0,38700.0,9909.0,2026-12-30,2027-02-05
W26-27,draft,ANIMA WINGS,CLJ HRG CLJ,A2 4208/A2 4209,2027-01-09,148.0,279.34,41342.32,7478.44,2026-12-30,2027-02-05
W26-27,draft,ANIMA WINGS,TSR HRG TSR,A2 4408/A2 4409,2027-01-09,148.0,268.5,39738.0,7093.64,2026-12-30,2027-02-05
W26-27,draft,ANIMA WINGS,OTP HRG OTP,A2 4104/A2 4105,2027-01-11,180.0,215.0,38700.0,9909.0,2027-01-01,2027-02-05
W26-27,draft,ANIMA WINGS,IAS HRG IAS,A2 4212/A2 4213,2027-01-11,180.0,231.05,41589.0,8411.4,2027-01-01,2027-02-05
W26-27,draft,ANIMA WINGS,OTP SSH OTP,A2 4404/A2 4405,2027-01-11,180.0,225.7,40626.0,10225.8,2027-01-01,2027-02-05
W26-27,draft,ANIMA WINGS,CLJ-SSH-CLJ,A2 4402/A2 4403,2027-01-11,180.0,241.75,43515.0,9412.2,2027-01-01,2027-02-05
W26-27,draft,ANIMA WINGS,OTP HRG OTP,A2 4206/A2 4207,2027-01-16,180.0,215.0,38700.0,9909.0,2027-01-06,2027-02-05
W26-27,draft,ANIMA WINGS,CLJ HRG CLJ,A2 4208/A2 4209,2027-01-16,148.0,279.34,41342.32,7478.44,2027-01-06,2027-02-05
W26-27,draft,ANIMA WINGS,TSR HRG TSR,A2 4408/A2 4409,2027-01-16,148.0,268.5,39738.0,7093.64,2027-01-06,2027-02-05
W26-27,draft,ANIMA WINGS,OTP HRG OTP,A2 4206/A2 4207,2027-01-23,180.0,215.0,38700.0,9909.0,2027-01-13,2027-02-05
W26-27,draft,ANIMA WINGS,CLJ HRG CLJ,A2 4208/A2 4209,2027-01-23,148.0,279.34,41342.32,7478.44,2027-01-13,2027-02-05
W26-27,draft,ANIMA WINGS,TSR HRG TSR,A2 4408/A2 4409,2027-01-23,148.0,268.5,39738.0,7093.64,2027-01-13,2027-02-05
W26-27,draft,ANIMA WINGS,OTP HRG OTP,A2 4206/A2 4207,2027-01-30,180.0,215.0,38700.0,9909.0,2027-01-20,2027-02-05
W26-27,draft,ANIMA WINGS,CLJ HRG CLJ,A2 4208/A2 4209,2027-01-30,148.0,279.34,41342.32,7478.44,2027-01-20,2027-02-05
W26-27,draft,ANIMA WINGS,TSR HRG TSR,A2 4408/A2 4409,2027-01-30,148.0,268.5,39738.0,7093.64,2027-01-20,2027-02-05
W26-27,draft,ANIMA WINGS,OTP HRG OTP,A2 4206/A2 4207,2027-02-06,180.0,215.0,38700.0,9909.0,2027-01-27,2027-03-05
W26-27,draft,ANIMA WINGS,CLJ HRG CLJ,A2 4208/A2 4209,2027-02-06,148.0,279.34,41342.32,7478.44,2027-01-27,2027-03-05
W26-27,draft,ANIMA WINGS,TSR HRG TSR,A2 4408/A2 4409,2027-02-06,148.0,268.5,39738.0,7093.64,2027-01-27,2027-03-05
W26-27,draft,ANIMA WINGS,OTP HRG OTP,A2 4206/A2 4207,2027-02-13,180.0,215.0,38700.0,9909.0,2027-02-03,2027-03-05
W26-27,draft,ANIMA WINGS,CLJ HRG CLJ,A2 4208/A2 4209,2027-02-13,148.0,279.34,41342.32,7478.44,2027-02-03,2027-03-05
W26-27,draft,ANIMA WINGS,TSR HRG TSR,A2 4408/A2 4409,2027-02-13,148.0,268.5,39738.0,7093.64,2027-02-03,2027-03-05
W26-27,draft,ANIMA WINGS,OTP SSH OTP,A2 4404/A2 4405,2027-02-15,180.0,225.7,40626.0,10225.8,2027-02-05,2027-03-05
W26-27,draft,ANIMA WINGS,CLJ-SSH-CLJ,A2 4402/A2 4403,2027-02-15,180.0,241.75,43515.0,9412.2,2027-02-05,2027-03-05
W26-27,draft,ANIMA WINGS,OTP HRG OTP,A2 4206/A2 4207,2027-02-20,180.0,215.0,38700.0,9909.0,2027-02-10,2027-03-05
W26-27,draft,ANIMA WINGS,CLJ HRG CLJ,A2 4208/A2 4209,2027-02-20,148.0,279.34,41342.32,7478.44,2027-02-10,2027-03-05
W26-27,draft,ANIMA WINGS,TSR HRG TSR,A2 4408/A2 4409,2027-02-20,148.0,268.5,39738.0,7093.64,2027-02-10,2027-03-05
W26-27,draft,ANIMA WINGS,OTP-AGA-OTP,A2 4424/A2 4425,2027-02-20,137.0,440.09,60292.33,6217.06,2027-02-10,2027-03-05
W26-27,draft,ANIMA WINGS,OTP SSH OTP,A2 4404/A2 4405,2027-02-22,180.0,225.7,40626.0,10225.8,2027-02-12,2027-03-05
W26-27,draft,ANIMA WINGS,CLJ-SSH-CLJ,A2 4402/A2 4403,2027-02-22,180.0,241.75,43515.0,9412.2,2027-02-12,2027-03-05
W26-27,draft,ANIMA WINGS,OTP HRG OTP,A2 4206/A2 4207,2027-02-27,180.0,215.0,38700.0,9909.0,2027-02-17,2027-03-05
W26-27,draft,ANIMA WINGS,CLJ HRG CLJ,A2 4208/A2 4209,2027-02-27,148.0,279.34,41342.32,7478.44,2027-02-17,2027-03-05
W26-27,draft,ANIMA WINGS,TSR HRG TSR,A2 4408/A2 4409,2027-02-27,148.0,268.5,39738.0,7093.64,2027-02-17,2027-03-05
W26-27,draft,ANIMA WINGS,OTP-AGA-OTP,A2 4424/A2 4425,2027-02-27,137.0,440.09,60292.33,6217.06,2027-02-17,2027-03-05
W26-27,draft,ANIMA WINGS,OTP SSH OTP,A2 4404/A2 4405,2027-03-01,180.0,225.7,40626.0,10225.8,2027-02-19,2027-04-05
W26-27,draft,ANIMA WINGS,CLJ-SSH-CLJ,A2 4402/A2 4403,2027-03-01,180.0,241.75,43515.0,9412.2,2027-02-19,2027-04-05
W26-27,draft,ANIMA WINGS,OTP HRG OTP,A2 4206/A2 4207,2027-03-06,180.0,215.0,38700.0,9909.0,2027-02-24,2027-04-05
W26-27,draft,ANIMA WINGS,CLJ HRG CLJ,A2 4208/A2 4209,2027-03-06,148.0,279.34,41342.32,7478.44,2027-02-24,2027-04-05
W26-27,draft,ANIMA WINGS,TSR HRG TSR,A2 4408/A2 4409,2027-03-06,148.0,268.5,39738.0,7093.64,2027-02-24,2027-04-05
W26-27,draft,ANIMA WINGS,OTP-AGA-OTP,A2 4424/A2 4425,2027-03-06,137.0,440.09,60292.33,6217.06,2027-02-24,2027-04-05
W26-27,draft,ANIMA WINGS,OTP SSH OTP,A2 4404/A2 4405,2027-03-08,180.0,225.7,40626.0,10225.8,2027-02-26,2027-04-05
W26-27,draft,ANIMA WINGS,CLJ-SSH-CLJ,A2 4402/A2 4403,2027-03-08,180.0,241.75,43515.0,9412.2,2027-02-26,2027-04-05
W26-27,draft,ANIMA WINGS,OTP HRG OTP,A2 4206/A2 4207,2027-03-13,180.0,215.0,38700.0,9909.0,2027-03-03,2027-04-05
W26-27,draft,ANIMA WINGS,CLJ HRG CLJ,A2 4208/A2 4209,2027-03-13,148.0,279.34,41342.32,7478.44,2027-03-03,2027-04-05
W26-27,draft,ANIMA WINGS,TSR HRG TSR,A2 4408/A2 4409,2027-03-13,148.0,268.5,39738.0,7093.64,2027-03-03,2027-04-05
W26-27,draft,ANIMA WINGS,OTP-AGA-OTP,A2 4424/A2 4425,2027-03-13,137.0,440.09,60292.33,6217.06,2027-03-03,2027-04-05
W26-27,draft,ANIMA WINGS,OTP SSH OTP,A2 4404/A2 4405,2027-03-15,180.0,225.7,40626.0,10225.8,2027-03-05,2027-04-05
W26-27,draft,ANIMA WINGS,CLJ-SSH-CLJ,A2 4402/A2 4403,2027-03-15,180.0,241.75,43515.0,9412.2,2027-03-05,2027-04-05
W26-27,draft,ANIMA WINGS,OTP HRG OTP,A2 4206/A2 4207,2027-03-20,180.0,215.0,38700.0,9909.0,2027-03-10,2027-04-05
W26-27,draft,ANIMA WINGS,CLJ HRG CLJ,A2 4208/A2 4209,2027-03-20,148.0,279.34,41342.32,7478.44,2027-03-10,2027-04-05
W26-27,draft,ANIMA WINGS,TSR HRG TSR,A2 4408/A2 4409,2027-03-20,148.0,268.5,39738.0,7093.64,2027-03-10,2027-04-05
W26-27,draft,ANIMA WINGS,OTP-AGA-OTP,A2 4424/A2 4425,2027-03-20,137.0,440.09,60292.33,6217.06,2027-03-10,2027-04-05
W26-27,draft,ANIMA WINGS,OTP SSH OTP,A2 4404/A2 4405,2027-03-22,180.0,225.7,40626.0,10225.8,2027-03-12,2027-04-05
W26-27,draft,ANIMA WINGS,CLJ-SSH-CLJ,A2 4402/A2 4403,2027-03-22,180.0,241.75,43515.0,9412.2,2027-03-12,2027-04-05
W26-27,draft,ANIMA WINGS,OTP HRG OTP,A2 4206/A2 4207,2027-03-27,180.0,215.0,38700.0,9909.0,2027-03-17,2027-04-05
W26-27,draft,ANIMA WINGS,CLJ HRG CLJ,A2 4208/A2 4209,2027-03-27,148.0,279.34,41342.32,7478.44,2027-03-17,2027-04-05
W26-27,draft,ANIMA WINGS,TSR HRG TSR,A2 4408/A2 4409,2027-03-27,148.0,268.5,39738.0,7093.64,2027-03-17,2027-04-05
W26-27,draft,ANIMA WINGS,OTP-AGA-OTP,A2 4424/A2 4425,2027-03-27,137.0,440.09,60292.33,6217.06,2027-03-17,2027-04-05
